demanda_id,empresa_id,competencia,tipo_demanda,descricao,status,responsavel_operacional,estagiario_responsavel,data_limite,observacao,concluida_em,concluida_por,percentual_grupo,bloqueada,motivo_bloqueio,atualizado_em
101019,62,2026-05,PEDIR_INFOS,PEDIR_INFOS,pendente,,,,,,,0.0,0,,2026-05-31 01:01:37
101020,62,2026-05,GUIA_MEI,GUIA_MEI,pendente,,,,,,,0.0,0,,2026-05-31 01:01:37
101021,62,2026-05,REL_MEI,REL_MEI,pendente,,,,,,,0.0,0,,2026-05-31 01:01:37
101022,62,2026-05,REL_DEBITOS,REL_DEBITOS,pendente,,,,,,,0.0,0,,2026-05-31 01:01:37
101071,76,2026-05,OUTRA,OUTRA,pendente,,,,,,,0.0,0,,2026-05-31 01:01:40
100933,78,2026-05,PUXAR_NF_SAIDA,PUXAR_NF_SAIDA,pendente,,,,,,,0.0,0,,2026-05-31 01:01:40
101061,78,2026-05,EXEC_FOLHA,EXEC_FOLHA,pendente,,,,[Responsável: Vitor],,,0.0,0,,2026-05-31 02:09:27
101062,78,2026-05,ENV_CONTRACHEQUES,ENV_CONTRACHEQUES,pendente,,,,[Responsável: Vitor],,,0.0,0,,2026-05-31 01:04:04
101063,78,2026-05,GUIA_INSS,GUIA_INSS,pendente,,,,[Responsável: Rayana],,,0.0,0,,2026-05-31 14:11:06
101064,78,2026-05,GUIA_FGTS,GUIA_FGTS,pendente,,,,[Responsável: Rayana],,,0.0,0,,2026-05-31 14:10:57
101065,78,2026-05,APUR_SIMPLES,APUR_SIMPLES,pendente,,,,,,,0.0,0,,2026-05-31 01:01:40
101066,78,2026-05,ENV_PARC_SIMPLES,ENV_PARC_SIMPLES,pendente,,,,,,,0.0,0,,2026-05-31 01:01:40
101067,78,2026-05,GUIA_PREF,GUIA_PREF,pendente,,,,,,,0.0,0,,2026-05-31 01:01:40
101068,78,2026-05,REL_DEBITOS,REL_DEBITOS,pendente,,,,,,,0.0,0,,2026-05-31 01:01:40
101070,78,2026-05,GUIA_FGTS_PARC,GUIA_FGTS_PARC,pendente,,,,[Responsável: Rayana],,,0.0,0,,2026-05-31 14:10:57
70071,73,2026-05,EXEC_FOLHA,EXEC_FOLHA,pendente,,,,[Responsável: Vitor],,,0.0,0,,2026-05-31 02:09:27
70072,73,2026-05,ENV_CONTRACHEQUES,ENV_CONTRACHEQUES,pendente,,,,[Responsável: Vitor],,,0.0,0,,2026-05-31 01:04:04
70073,73,2026-05,GUIA_INSS,GUIA_INSS,pendente,,,,[Responsável: Rayana],,,0.0,0,,2026-05-31 14:11:06
70074,73,2026-05,APUR_SIMPLES,APUR_SIMPLES,pendente,,,,,,,0.0,0,,2026-05-31 01:01:41
70075,73,2026-05,GUIA_PREF,GUIA_PREF,pendente,,,,,,,0.0,0,,2026-05-31 01:01:41
70076,73,2026-05,REL_DEBITOS,REL_DEBITOS,pendente,,,,,,,0.0,0,,2026-05-31 01:01:41
70077,73,2026-05,PUXAR_NF_SAIDA,PUXAR_NF_SAIDA,pendente,,,,,,,0.0,0,,2026-05-31 01:01:41
94729,103,2026-05,GUIA_MEI,GUIA_MEI,pendente,,,,,,,0.0,0,,2026-05-31 01:01:39
94730,103,2026-05,OUTRA,OUTRA,pendente,,,,,,,0.0,0,,2026-05-31 01:01:39
80054,65,2026-05,PEDIR_INFOS,PEDIR_INFOS,pendente,,,,,,,0.0,0,,2026-05-31 01:01:39
80055,65,2026-05,GUIA_MEI,GUIA_MEI,pendente,,,,,,,0.0,0,,2026-05-31 01:01:39
80056,65,2026-05,REL_MEI,REL_MEI,pendente,,,,,,,0.0,0,,2026-05-31 01:01:39
80057,65,2026-05,REL_DEBITOS,REL_DEBITOS,pendente,,,,,,,0.0,0,,2026-05-31 01:01:39
93197,48,2026-05,PUXAR_NF_SAIDA,PUXAR_NF_SAIDA,pendente,,,,,,,0.0,0,,2026-05-31 01:01:33
93198,48,2026-05,COBRAR_HONORARIOS,COBRAR_HONORARIOS,pendente,,,,,,,0.0,0,,2026-05-31 01:01:33
93199,48,2026-05,OUTRA,OUTRA,pendente,,,,,,,0.0,0,,2026-05-31 01:01:33
71016,80,2026-05,EXEC_FOLHA,EXEC_FOLHA,pendente,,,,[Responsável: Vitor],,,0.0,0,,2026-05-31 02:09:27
71017,80,2026-05,ENV_CONTRACHEQUES,ENV_CONTRACHEQUES,pendente,,,,[Responsável: Vitor],,,0.0,0,,2026-05-31 01:04:04
71018,80,2026-05,GUIA_INSS,GUIA_INSS,pendente,,,,[Responsável: Rayana],,,0.0,0,,2026-05-31 14:11:06
71019,80,2026-05,GUIA_FGTS,GUIA_FGTS,pendente,,,,[Responsável: Rayana],,,0.0,0,,2026-05-31 14:10:57
71020,80,2026-05,ENV_PARC_SIMPLES,ENV_PARC_SIMPLES,pendente,,,,,,,0.0,0,,2026-05-31 01:01:42
71021,80,2026-05,GUIA_PREF,GUIA_PREF,pendente,,,,,,,0.0,0,,2026-05-31 01:01:42
71022,80,2026-05,PUXAR_NF_SAIDA,PUXAR_NF_SAIDA,pendente,,,,,,,0.0,0,,2026-05-31 01:01:42
71023,80,2026-05,GUIA_FGTS_PARC,GUIA_FGTS_PARC,pendente,,,,[Responsável: Rayana],,,0.0,0,,2026-05-31 14:10:57
83784,70,2026-05,PEDIR_INFOS,PEDIR_INFOS,pendente,,,,,,,0.0,0,,2026-05-31 01:01:42
83785,70,2026-05,APUR_SIMPLES,APUR_SIMPLES,pendente,,,,,,,0.0,0,,2026-05-31 01:01:43
83786,70,2026-05,ENV_PARC_SIMPLES,ENV_PARC_SIMPLES,pendente,,,,,,,0.0,0,,2026-05-31 01:01:43
83787,70,2026-05,GUIA_PREF,GUIA_PREF,pendente,,,,,,,0.0,0,,2026-05-31 01:01:43
83788,70,2026-05,REL_DEBITOS,REL_DEBITOS,pendente,,,,,,,0.0,0,,2026-05-31 01:01:43
83789,70,2026-05,PUXAR_NF_SAIDA,PUXAR_NF_SAIDA,pendente,,,,,,,0.0,0,,2026-05-31 01:01:43
91385,58,2026-05,EMISSAO_NF,EMISSAO_NF,pendente,,,,,,,0.0,0,,2026-05-31 01:01:36
91386,58,2026-05,OUTRA,OUTRA,pendente,,,,,,,0.0,0,,2026-05-31 01:01:36
84179,91,2026-05,PUXAR_NF_SAIDA,PUXAR_NF_SAIDA,pendente,,,,,,,0.0,0,,2026-05-31 01:01:46
84180,91,2026-05,OUTRA,OUTRA,pendente,,,,,,,0.0,0,,2026-05-31 01:01:46
89560,91,2026-05,PEDIR_INFOS,PEDIR_INFOS,pendente,,,,,,,0.0,0,,2026-05-31 01:01:46
89958,91,2026-05,APUR_SIMPLES,APUR_SIMPLES,pendente,,,,,,,0.0,0,,2026-05-31 01:01:46
89959,91,2026-05,GUIA_MEI,GUIA_MEI,pendente,,,,,,,0.0,0,,2026-05-31 01:01:46
89960,91,2026-05,GUIA_PREF,GUIA_PREF,pendente,,,,,,,0.0,0,,2026-05-31 01:01:46
89961,91,2026-05,REL_DEBITOS,REL_DEBITOS,pendente,,,,,,,0.0,0,,2026-05-31 01:01:46
89962,91,2026-05,CONS_ICMS_ST,CONS_ICMS_ST,pendente,,,,,,,0.0,0,,2026-05-31 01:01:46
89964,91,2026-05,COBRAR_HONORARIOS,COBRAR_HONORARIOS,pendente,,,,,,,0.0,0,,2026-05-31 01:01:46
100919,64,2026-05,CONS_ICMS_ST,CONS_ICMS_ST,pendente,,,,,,,0.0,0,,2026-05-31 01:01:39
100920,64,2026-05,PUXAR_NF_SAIDA,PUXAR_NF_SAIDA,pendente,,,,,,,0.0,0,,2026-05-31 01:01:39
101040,64,2026-05,PEDIR_INFOS,PEDIR_INFOS,pendente,,,,,,,0.0,0,,2026-05-31 01:01:38
101041,64,2026-05,APUR_SIMPLES,APUR_SIMPLES,pendente,,,,,,,0.0,0,,2026-05-31 01:01:38
101042,64,2026-05,GUIA_MEI,GUIA_MEI,pendente,,,,,,,0.0,0,,2026-05-31 01:01:38
101043,64,2026-05,REL_MEI,REL_MEI,pendente,,,,,,,0.0,0,,2026-05-31 01:01:38
101044,64,2026-05,GUIA_PREF,GUIA_PREF,pendente,,,,,,,0.0,0,,2026-05-31 01:01:39
101045,64,2026-05,REL_DEBITOS,REL_DEBITOS,pendente,,,,,,,0.0,0,,2026-05-31 01:01:39
76213,85,2026-05,PEDIR_INFOS,PEDIR_INFOS,pendente,,,,,,,0.0,0,,2026-05-31 01:01:43
76214,85,2026-05,GUIA_PREF,GUIA_PREF,pendente,,,,,,,0.0,0,,2026-05-31 01:01:43
76215,85,2026-05,REL_DEBITOS,REL_DEBITOS,pendente,,,,,,,0.0,0,,2026-05-31 01:01:43
76216,85,2026-05,PUXAR_NF_SAIDA,PUXAR_NF_SAIDA,pendente,,,,,,,0.0,0,,2026-05-31 01:01:43
76217,85,2026-05,PARC_IMPOSTOS,PARC_IMPOSTOS,pendente,,,,,,,0.0,0,,2026-05-31 01:01:43
71848,82,2026-05,EXEC_FOLHA,EXEC_FOLHA,pendente,,,,[Responsável: Vitor],,,0.0,0,,2026-05-31 02:09:27
71849,82,2026-05,ENV_CONTRACHEQUES,ENV_CONTRACHEQUES,pendente,,,,[Responsável: Edivan],,,0.0,0,,2026-05-31 14:11:20
71850,82,2026-05,GUIA_INSS,GUIA_INSS,pendente,,,,[Responsável: Edivan],,,0.0,0,,2026-05-31 14:11:20
71851,82,2026-05,APUR_SIMPLES,APUR_SIMPLES,pendente,,,,[Responsável: Edivan],,,0.0,0,,2026-05-31 14:11:20
71852,82,2026-05,GUIA_PREF,GUIA_PREF,pendente,,,,[Responsável: Edivan],,,0.0,0,,2026-05-31 14:11:20
71853,82,2026-05,PUXAR_NF_SAIDA,PUXAR_NF_SAIDA,pendente,,,,[Responsável: Edivan],,,0.0,0,,2026-05-31 14:11:20
81519,82,2026-05,PEDIR_INFOS,PEDIR_INFOS,pendente,,,,[Responsável: Edivan],,,0.0,0,,2026-05-31 14:11:20
81597,89,2026-05,PEDIR_INFOS,PEDIR_INFOS,pendente,,,,,,,0.0,0,,2026-05-31 01:01:33
81598,89,2026-05,GUIA_MEI,GUIA_MEI,pendente,,,,,,,0.0,0,,2026-05-31 01:01:33
81599,89,2026-05,ENV_PARC_SIMPLES,ENV_PARC_SIMPLES,pendente,,,,,,,0.0,0,,2026-05-31 01:01:33
81600,89,2026-05,REL_MEI,REL_MEI,pendente,,,,,,,0.0,0,,2026-05-31 01:01:33
81601,89,2026-05,GUIA_PREF,GUIA_PREF,pendente,,,,,,,0.0,0,,2026-05-31 01:01:33
92829,68,2026-05,OUTRA,OUTRA,pendente,,,,,,,0.0,0,,2026-05-31 01:01:39
92561,81,2026-05,OUTRA,OUTRA,pendente,,,,,,,0.0,0,,2026-05-31 01:01:44
92972,96,2026-05,PARC_MENSAL,PARC_MENSAL,pendente,,,,,,,0.0,0,,2026-05-31 01:01:44
92973,96,2026-05,OUTRA,OUTRA,pendente,,,,,,,0.0,0,,2026-05-31 01:01:44
101027,56,2026-05,PEDIR_INFOS,PEDIR_INFOS,pendente,,,,,,,0.0,0,,2026-05-31 01:01:37
101028,56,2026-05,GUIA_MEI,GUIA_MEI,pendente,,,,,,,0.0,0,,2026-05-31 01:01:37
101029,56,2026-05,REL_MEI,REL_MEI,pendente,,,,,,,0.0,0,,2026-05-31 01:01:37
101030,56,2026-05,REL_DEBITOS,REL_DEBITOS,pendente,,,,,,,0.0,0,,2026-05-31 01:01:38
80441,98,2026-05,PEDIR_INFOS,PEDIR_INFOS,pendente,,,,,,,0.0,0,,2026-05-31 01:01:40
80442,98,2026-05,GUIA_MEI,GUIA_MEI,pendente,,,,,,,0.0,0,,2026-05-31 01:01:40
84643,101,2026-05,OUTRA,OUTRA,pendente,,,,,,,0.0,0,,2026-05-31 01:01:44
84963,74,2026-05,PUXAR_NF_SAIDA,PUXAR_NF_SAIDA,pendente,,,,,,,0.0,0,,2026-05-07 15:07:04
84964,74,2026-05,OUTRA,OUTRA,pendente,,,,,,,0.0,0,,2026-05-07 15:07:04
85036,86,2026-05,PUXAR_NF_SAIDA,PUXAR_NF_SAIDA,pendente,,,,,,,0.0,0,,2026-05-07 15:08:03
85037,86,2026-05,OUTRA,OUTRA,pendente,,,,,,,0.0,0,,2026-05-07 15:08:03
100953,97,2026-05,COBRAR_HONORARIOS,COBRAR_HONORARIOS,pendente,,,,,,,0.0,0,,2026-05-31 01:01:45
100954,97,2026-05,EMISSAO_NF,EMISSAO_NF,pendente,,,,,,,0.0,0,,2026-05-31 01:01:45
100955,97,2026-05,PUXAR_NF_SAIDA,PUXAR_NF_SAIDA,pendente,,,,,,,0.0,0,,2026-05-31 01:01:45
101124,97,2026-05,PEDIR_INFOS,PEDIR_INFOS,pendente,,,,,,,0.0,0,,2026-05-31 01:01:44
101125,97,2026-05,APUR_SIMPLES,APUR_SIMPLES,pendente,,,,,,,0.0,0,,2026-05-31 01:01:44
101126,97,2026-05,GUIA_PREF,GUIA_PREF,pendente,,,,,,,0.0,0,,2026-05-31 01:01:44
101127,97,2026-05,REL_DEBITOS,REL_DEBITOS,pendente,,,,,,,0.0,0,,2026-05-31 01:01:45
81923,53,2026-05,GUIA_MEI,GUIA_MEI,pendente,,,,,,,0.0,0,,2026-05-31 01:01:38
81924,53,2026-05,REL_MEI,REL_MEI,pendente,,,,,,,0.0,0,,2026-05-31 01:01:38
92723,53,2026-05,PEDIR_INFOS,PEDIR_INFOS,pendente,,,,,,,0.0,0,,2026-05-31 01:01:38
92726,53,2026-05,OUTRA,OUTRA,pendente,,,,,,,0.0,0,,2026-05-31 01:01:38
91756,83,2026-05,PUXAR_NF_SAIDA,PUXAR_NF_SAIDA,pendente,,,,,,,0.0,0,,2026-05-31 01:01:45
91757,83,2026-05,OUTRA,OUTRA,pendente,,,,,,,0.0,0,,2026-05-31 01:01:45
93153,84,2026-05,PUXAR_NF_SAIDA,PUXAR_NF_SAIDA,pendente,,,,,,,0.0,0,,2026-05-11 11:30:42
93154,84,2026-05,OUTRA,OUTRA,pendente,,,,,,,0.0,0,,2026-05-11 11:30:42
96087,93,2026-05,ENV_PARC_SIMPLES,ENV_PARC_SIMPLES,pendente,,,,,,,0.0,0,,2026-05-31 01:01:47
96088,93,2026-05,PUXAR_NF_SAIDA,PUXAR_NF_SAIDA,pendente,,,,,,,0.0,0,,2026-05-31 01:01:48
100949,95,2026-05,OUTRA,OUTRA,pendente,,,,,,,0.0,0,,2026-05-31 01:01:45
100950,95,2026-05,PUXAR_NF_SAIDA,PUXAR_NF_SAIDA,pendente,,,,,,,0.0,0,,2026-05-31 01:01:45
101023,46,2026-05,PEDIR_INFOS,PEDIR_INFOS,pendente,,,,,,,0.0,0,,2026-05-31 01:01:37
101024,46,2026-05,GUIA_MEI,GUIA_MEI,pendente,,,,,,,0.0,0,,2026-05-31 01:01:37
101025,46,2026-05,REL_MEI,REL_MEI,pendente,,,,,,,0.0,0,,2026-05-31 01:01:37
101026,46,2026-05,REL_DEBITOS,REL_DEBITOS,pendente,,,,,,,0.0,0,,2026-05-31 01:01:37
92053,59,2026-05,OUTRA,OUTRA,pendente,,,,,,,0.0,0,,2026-05-31 01:01:36
92393,52,2026-05,GUIA_MEI,GUIA_MEI,pendente,,,,,,,0.0,0,,2026-05-31 01:01:36
85322,67,2026-05,GUIA_MEI,GUIA_MEI,pendente,,,,,,,0.0,0,,2026-05-31 01:01:34
85323,67,2026-05,ENV_PARC_SIMPLES,ENV_PARC_SIMPLES,pendente,,,,,,,0.0,0,,2026-05-31 01:01:34
85324,67,2026-05,REL_MEI,REL_MEI,pendente,,,,,,,0.0,0,,2026-05-31 01:01:34
85325,67,2026-05,REL_DEBITOS,REL_DEBITOS,pendente,,,,,,,0.0,0,,2026-05-31 01:01:34
76602,77,2026-05,EXEC_FOLHA,EXEC_FOLHA,pendente,,,,[Responsável: Vitor],,,0.0,0,,2026-05-31 02:09:27
76603,77,2026-05,ENV_CONTRACHEQUES,ENV_CONTRACHEQUES,pendente,,,,[Responsável: Vitor],,,0.0,0,,2026-05-31 01:04:04
76604,77,2026-05,GUIA_INSS,GUIA_INSS,pendente,,,,[Responsável: Rayana],,,0.0,0,,2026-05-31 14:11:06
76605,77,2026-05,GUIA_FGTS,GUIA_FGTS,pendente,,,,[Responsável: Rayana],,,0.0,0,,2026-05-31 14:10:57
76607,77,2026-05,APUR_ISS,APUR_ISS,pendente,,,,,,,0.0,0,,2026-05-31 01:01:45
76608,77,2026-05,ENV_PARC_SIMPLES,ENV_PARC_SIMPLES,pendente,,,,,,,0.0,0,,2026-05-31 01:01:45
76609,77,2026-05,GUIA_PREF,GUIA_PREF,pendente,,,,,,,0.0,0,,2026-05-31 01:01:45
76610,77,2026-05,REL_DEBITOS,REL_DEBITOS,pendente,,,,,,,0.0,0,,2026-05-31 01:01:46
76611,77,2026-05,PUXAR_NF_SAIDA,PUXAR_NF_SAIDA,pendente,,,,,,,0.0,0,,2026-05-31 01:01:46
76612,77,2026-05,COBRAR_HONORARIOS,COBRAR_HONORARIOS,pendente,,,,,,,0.0,0,,2026-05-31 01:01:46
76613,77,2026-05,PARC_MENSAL,PARC_MENSAL,pendente,,,,,,,0.0,0,,2026-05-31 01:01:46
76614,77,2026-05,PARC_IMPOSTOS,PARC_IMPOSTOS,pendente,,,,,,,0.0,0,,2026-05-31 01:01:46
82000,99,2026-05,OUTRA,OUTRA,pendente,,,,,,,0.0,0,,2026-05-31 01:01:36
82617,54,2026-05,OUTRA,OUTRA,pendente,,,,,,,0.0,0,,2026-05-31 01:01:38
81065,55,2026-05,PEDIR_INFOS,PEDIR_INFOS,pendente,,,,,,,0.0,0,,2026-05-31 01:01:35
81066,55,2026-05,GUIA_MEI,GUIA_MEI,pendente,,,,,,,0.0,0,,2026-05-31 01:01:35
81067,55,2026-05,REL_MEI,REL_MEI,pendente,,,,,,,0.0,0,,2026-05-31 01:01:35
81068,55,2026-05,REL_DEBITOS,REL_DEBITOS,pendente,,,,,,,0.0,0,,2026-05-31 01:01:35
83464,100,2026-05,PEDIR_INFOS,PEDIR_INFOS,pendente,,,,,,,0.0,0,,2026-05-31 01:01:47
83465,100,2026-05,PUXAR_NF_SAIDA,PUXAR_NF_SAIDA,pendente,,,,,,,0.0,0,,2026-05-31 01:01:47
83466,100,2026-05,OUTRA,OUTRA,pendente,,,,,,,0.0,0,,2026-05-31 01:01:47
101049,61,2026-05,PEDIR_INFOS,PEDIR_INFOS,pendente,,,,,,,0.0,0,,2026-05-31 01:01:39
101050,61,2026-05,GUIA_MEI,GUIA_MEI,pendente,,,,,,,0.0,0,,2026-05-31 01:01:39
101051,61,2026-05,REL_MEI,REL_MEI,pendente,,,,,,,0.0,0,,2026-05-31 01:01:39
101052,61,2026-05,REL_DEBITOS,REL_DEBITOS,pendente,,,,,,,0.0,0,,2026-05-31 01:01:39
100982,47,2026-05,EXEC_FOLHA,EXEC_FOLHA,pendente,,,,[Responsável: Vitor],,,0.0,0,,2026-05-31 02:09:27
100983,47,2026-05,ENV_CONTRACHEQUES,ENV_CONTRACHEQUES,pendente,,,,[Responsável: Vitor],,,0.0,0,,2026-05-31 01:04:04
100984,47,2026-05,GUIA_INSS,GUIA_INSS,pendente,,,,[Responsável: Rayana],,,0.0,0,,2026-05-31 14:11:06
100985,47,2026-05,PEDIR_INFOS,PEDIR_INFOS,pendente,,,,,,,0.0,0,,2026-05-31 01:01:34
100986,47,2026-05,GUIA_MEI,GUIA_MEI,pendente,,,,,,,0.0,0,,2026-05-31 01:01:34
100987,47,2026-05,REL_MEI,REL_MEI,pendente,,,,,,,0.0,0,,2026-05-31 01:01:34
100988,47,2026-05,REL_DEBITOS,REL_DEBITOS,pendente,,,,,,,0.0,0,,2026-05-31 01:01:35
82905,44,2026-05,OUTRA,OUTRA,pendente,,,,,,,0.0,0,,2026-05-31 01:01:34
68752,94,2026-05,EXEC_FOLHA,EXEC_FOLHA,pendente,,,,[Responsável: Vitor],,,0.0,0,,2026-05-31 02:09:27
68753,94,2026-05,ENV_CONTRACHEQUES,ENV_CONTRACHEQUES,pendente,,,,[Responsável: Vitor],,,0.0,0,,2026-05-31 01:04:04
68754,94,2026-05,GUIA_INSS,GUIA_INSS,pendente,,,,[Responsável: Rayana],,,0.0,0,,2026-05-31 14:11:06
68755,94,2026-05,APUR_SIMPLES,APUR_SIMPLES,pendente,,,,,,,0.0,0,,2026-05-31 01:01:47
68756,94,2026-05,PUXAR_NF_SAIDA,PUXAR_NF_SAIDA,pendente,,,,,,,0.0,0,,2026-05-31 01:01:47
85400,94,2026-05,PEDIR_INFOS,PEDIR_INFOS,pendente,,,,,,,0.0,0,,2026-05-31 01:01:47
86954,94,2026-05,GUIA_PREF,GUIA_PREF,pendente,,,,,,,0.0,0,,2026-05-31 01:01:47
86955,94,2026-05,REL_DEBITOS,REL_DEBITOS,pendente,,,,,,,0.0,0,,2026-05-31 01:01:47
86956,94,2026-05,CONS_ICMS_ST,CONS_ICMS_ST,pendente,,,,,,,0.0,0,,2026-05-31 01:01:47
86958,94,2026-05,COBRAR_HONORARIOS,COBRAR_HONORARIOS,pendente,,,,,,,0.0,0,,2026-05-31 01:01:47
68861,75,2026-05,EXEC_FOLHA,EXEC_FOLHA,pendente,,,,[Responsável: Vitor],,,0.0,0,,2026-05-31 02:09:27
68862,75,2026-05,ENV_CONTRACHEQUES,ENV_CONTRACHEQUES,pendente,,,,[Responsável: Vitor],,,0.0,0,,2026-05-31 01:04:04
68863,75,2026-05,GUIA_INSS,GUIA_INSS,pendente,,,,[Responsável: Rayana],,,0.0,0,,2026-05-31 14:11:06
68864,75,2026-05,GUIA_FGTS,GUIA_FGTS,pendente,,,,[Responsável: Rayana],,,0.0,0,,2026-05-31 14:10:57
68865,75,2026-05,PEDIR_INFOS,PEDIR_INFOS,pendente,,,,,,,0.0,0,,2026-05-31 01:01:41
68866,75,2026-05,APUR_SIMPLES,APUR_SIMPLES,pendente,,,,,,,0.0,0,,2026-05-31 01:01:41
68867,75,2026-05,GUIA_PREF,GUIA_PREF,pendente,,,,,,,0.0,0,,2026-05-31 01:01:42
68868,75,2026-05,REL_DEBITOS,REL_DEBITOS,pendente,,,,,,,0.0,0,,2026-05-31 01:01:42
68869,75,2026-05,PUXAR_NF_SAIDA,PUXAR_NF_SAIDA,pendente,,,,,,,0.0,0,,2026-05-31 01:01:42
70497,75,2026-05,ENV_PARC_SIMPLES,ENV_PARC_SIMPLES,pendente,,,,,,,0.0,0,,2026-05-31 01:01:42
74838,50,2026-05,PEDIR_INFOS,PEDIR_INFOS,pendente,,,,,,,0.0,0,,2026-05-31 01:01:36
74839,50,2026-05,GUIA_MEI,GUIA_MEI,pendente,,,,,,,0.0,0,,2026-05-31 01:01:37
74840,50,2026-05,REL_MEI,REL_MEI,pendente,,,,,,,0.0,0,,2026-05-31 01:01:37
74842,50,2026-05,REL_DEBITOS,REL_DEBITOS,pendente,,,,,,,0.0,0,,2026-05-31 01:01:37
65575,79,2026-05,EXEC_FOLHA,EXEC_FOLHA,pendente,,,,[Responsável: Vitor],,,0.0,0,,2026-05-31 02:09:27
65576,79,2026-05,ENV_CONTRACHEQUES,ENV_CONTRACHEQUES,pendente,,,,[Responsável: Vitor],,,0.0,0,,2026-05-31 01:04:04
65577,79,2026-05,GUIA_INSS,GUIA_INSS,pendente,,,,[Responsável: Rayana],,,0.0,0,,2026-05-31 14:11:06
65578,79,2026-05,APUR_SIMPLES,APUR_SIMPLES,pendente,,,,,,,0.0,0,,2026-05-31 01:01:36
65579,79,2026-05,GUIA_PREF,GUIA_PREF,pendente,,,,,,,0.0,0,,2026-05-31 01:01:36
65580,79,2026-05,REL_DEBITOS,REL_DEBITOS,pendente,,,,,,,0.0,0,,2026-05-31 01:01:36
65581,79,2026-05,PUXAR_NF_SAIDA,PUXAR_NF_SAIDA,pendente,,,,,,,0.0,0,,2026-05-31 01:01:36
85558,79,2026-05,PEDIR_INFOS,PEDIR_INFOS,pendente,,,,,,,0.0,0,,2026-05-31 01:01:36
85634,88,2026-05,PEDIR_INFOS,PEDIR_INFOS,pendente,,,,,,,0.0,0,,2026-05-31 01:01:43
85635,88,2026-05,APUR_SIMPLES,APUR_SIMPLES,pendente,,,,,,,0.0,0,,2026-05-31 01:01:43
85636,88,2026-05,GUIA_PREF,GUIA_PREF,pendente,,,,,,,0.0,0,,2026-05-31 01:01:43
85637,88,2026-05,REL_DEBITOS,REL_DEBITOS,pendente,,,,,,,0.0,0,,2026-05-31 01:01:43
85638,88,2026-05,PUXAR_NF_SAIDA,PUXAR_NF_SAIDA,pendente,,,,,,,0.0,0,,2026-05-31 01:01:43
101036,57,2026-05,PEDIR_INFOS,PEDIR_INFOS,pendente,,,,,,,0.0,0,,2026-05-31 01:01:38
101037,57,2026-05,GUIA_MEI,GUIA_MEI,pendente,,,,,,,0.0,0,,2026-05-31 01:01:38
101038,57,2026-05,REL_MEI,REL_MEI,pendente,,,,,,,0.0,0,,2026-05-31 01:01:38
101039,57,2026-05,REL_DEBITOS,REL_DEBITOS,pendente,,,,,,,0.0,0,,2026-05-31 01:01:38
83325,60,2026-05,OUTRA,OUTRA,pendente,,,,,,,0.0,0,,2026-05-31 01:01:34
85710,72,2026-05,PEDIR_INFOS,PEDIR_INFOS,pendente,,,,,,,0.0,0,,2026-05-31 01:01:48
85711,72,2026-05,APUR_SIMPLES,APUR_SIMPLES,pendente,,,,,,,0.0,0,,2026-05-31 01:01:48
85712,72,2026-05,GUIA_PREF,GUIA_PREF,pendente,,,,,,,0.0,0,,2026-05-31 01:01:48
85713,72,2026-05,REL_DEBITOS,REL_DEBITOS,pendente,,,,,,,0.0,0,,2026-05-31 01:01:48
85714,72,2026-05,PUXAR_NF_SAIDA,PUXAR_NF_SAIDA,pendente,,,,,,,0.0,0,,2026-05-31 01:01:48
101784,72,2026-05,CONS_ICMS_ST,CONS_ICMS_ST,pendente,,,,,,,0.0,0,,2026-05-31 01:01:48
91635,45,2026-05,OUTRA,OUTRA,pendente,,,,,,,0.0,0,,2026-05-31 01:01:35
100978,51,2026-05,PEDIR_INFOS,PEDIR_INFOS,pendente,,,,,,,0.0,0,,2026-05-31 01:01:34
100979,51,2026-05,GUIA_MEI,GUIA_MEI,pendente,,,,,,,0.0,0,,2026-05-31 01:01:34
100980,51,2026-05,REL_MEI,REL_MEI,pendente,,,,,,,0.0,0,,2026-05-31 01:01:34
93529,102,2026-05,GUIA_MEI,GUIA_MEI,pendente,,,,,,,0.0,0,,2026-05-31 01:01:48
93530,102,2026-05,GUIA_PREF,GUIA_PREF,pendente,,,,,,,0.0,0,,2026-05-31 01:01:48
93531,102,2026-05,REL_DEBITOS,REL_DEBITOS,pendente,,,,,,,0.0,0,,2026-05-31 01:01:48
93532,102,2026-05,CONS_ICMS_ST,CONS_ICMS_ST,pendente,,,,,,,0.0,0,,2026-05-31 01:01:48
93533,102,2026-05,PUXAR_NF_SAIDA,PUXAR_NF_SAIDA,pendente,,,,,,,0.0,0,,2026-05-31 01:01:48
93534,102,2026-05,COBRAR_HONORARIOS,COBRAR_HONORARIOS,pendente,,,,,,,0.0,0,,2026-05-31 01:01:48
93535,102,2026-05,OUTRA,OUTRA,pendente,,,,,,,0.0,0,,2026-05-31 01:01:48
85786,71,2026-05,EXEC_FOLHA,EXEC_FOLHA,pendente,,,,[Responsável: Vitor],,,0.0,0,,2026-05-31 02:09:27
85787,71,2026-05,ENV_CONTRACHEQUES,ENV_CONTRACHEQUES,pendente,,,,[Responsável: Vitor],,,0.0,0,,2026-05-31 01:04:04
85788,71,2026-05,GUIA_INSS,GUIA_INSS,pendente,,,,[Responsável: Rayana],,,0.0,0,,2026-05-31 14:11:06
85789,71,2026-05,PEDIR_INFOS,PEDIR_INFOS,pendente,,,,,,,0.0,0,,2026-05-31 01:01:35
85790,71,2026-05,APUR_SIMPLES,APUR_SIMPLES,pendente,,,,,,,0.0,0,,2026-05-31 01:01:35
85791,71,2026-05,GUIA_PREF,GUIA_PREF,pendente,,,,,,,0.0,0,,2026-05-31 01:01:35
85792,71,2026-05,REL_DEBITOS,REL_DEBITOS,pendente,,,,,,,0.0,0,,2026-05-31 01:01:35
85793,71,2026-05,PUXAR_NF_SAIDA,PUXAR_NF_SAIDA,pendente,,,,,,,0.0,0,,2026-05-31 01:01:36
45910,62,2026-04,GUIA_MEI,GUIA_MEI,concluida,,,,,,,100.0,0,,2026-05-18 09:14:08
45911,62,2026-04,PEDIR_INFOS,PEDIR_INFOS,concluida,,,,[Responsável: Rayana],,,100.0,0,,2026-05-18 09:14:08
45912,62,2026-04,REL_DEBITOS,REL_DEBITOS,concluida,,,,,,,100.0,0,,2026-05-18 09:47:54
45913,62,2026-04,REL_MEI,REL_MEI,concluida,,,,,,,100.0,0,,2026-05-18 09:14:08
46116,76,2026-04,OUTRA,OUTRA,concluida,,,,,,,100.0,0,,2026-05-31 01:03:30
43746,69,2026-04,OUTRA,OUTRA,concluida,,,,,,,100.0,0,,2026-05-31 01:03:30
45609,69,2026-04,PUXAR_NF_SAIDA,PUXAR_NF_SAIDA,concluida,,,,,,,100.0,0,,2026-05-31 01:02:02
45974,78,2026-04,APUR_SIMPLES,APUR_SIMPLES,concluida,,,,[Responsável: Edivan],,,100.0,0,,2026-05-18 09:14:09
45975,78,2026-04,ENV_CONTRACHEQUES,ENV_CONTRACHEQUES,concluida,,,,,,,100.0,0,,2026-05-18 09:14:09
45976,78,2026-04,ENV_PARC_SIMPLES,ENV_PARC_SIMPLES,concluida,,,,PAR SIMPLES,,,100.0,0,,2026-05-18 09:14:09
45977,78,2026-04,GUIA_FGTS,GUIA_FGTS,concluida,,,,,,,100.0,0,,2026-05-18 09:14:09
45978,78,2026-04,GUIA_INSS,GUIA_INSS,concluida,,,,,,,100.0,0,,2026-05-18 09:14:09
45979,78,2026-04,GUIA_PREF,GUIA_PREF,concluida,,,,PARCELAMENTO,,,100.0,0,,2026-05-18 09:14:10
45980,78,2026-04,PUXAR_NF_SAIDA,PUXAR_NF_SAIDA,concluida,,,,,,,100.0,0,,2026-05-31 01:02:04
45981,78,2026-04,REL_DEBITOS,REL_DEBITOS,concluida,,,,,,,100.0,0,,2026-05-18 09:14:10
46106,78,2026-04,EXEC_FOLHA,EXEC_FOLHA,concluida,,,,[Responsável: Escritório (Vitor)],,,100.0,0,,2026-05-18 09:14:09
46115,78,2026-04,GUIA_FGTS_PARC,GUIA_FGTS_PARC,concluida,,,,,,,100.0,0,,2026-05-18 09:14:10
45951,73,2026-04,APUR_SIMPLES,APUR_SIMPLES,concluida,,,,,,,100.0,0,,2026-05-18 09:14:10
45952,73,2026-04,ENV_CONTRACHEQUES,ENV_CONTRACHEQUES,concluida,,,,,,,100.0,0,,2026-05-18 09:14:10
45953,73,2026-04,GUIA_INSS,GUIA_INSS,concluida,,,,,,,100.0,0,,2026-05-18 09:14:10
45954,73,2026-04,GUIA_PREF,GUIA_PREF,concluida,,,,PAGO! 1/2,,,100.0,0,,2026-05-18 09:14:10
45955,73,2026-04,PUXAR_NF_SAIDA,PUXAR_NF_SAIDA,concluida,,,,,,,100.0,0,,2026-05-31 01:02:02
45956,73,2026-04,REL_DEBITOS,REL_DEBITOS,concluida,,,,,,,100.0,0,,2026-05-18 09:14:10
46117,73,2026-04,EXEC_FOLHA,EXEC_FOLHA,concluida,,,,[Responsável: Escritório (Vitor)],,,100.0,0,,2026-05-18 09:14:10
94824,103,2026-04,GUIA_MEI,GUIA_MEI,concluida,,,,,,,100.0,0,,2026-05-18 09:14:09
94825,103,2026-04,OUTRA,OUTRA,concluida,,,,,,,100.0,0,,2026-05-31 01:03:30
45926,65,2026-04,GUIA_MEI,GUIA_MEI,concluida,,,,,,,100.0,0,,2026-05-18 09:14:09
45927,65,2026-04,PEDIR_INFOS,PEDIR_INFOS,concluida,,,,[Responsável: Rayana],,,100.0,0,,2026-05-18 09:14:09
45928,65,2026-04,REL_DEBITOS,REL_DEBITOS,concluida,,,,,,,100.0,0,,2026-05-18 09:34:24
45929,65,2026-04,REL_MEI,REL_MEI,concluida,,,,,,,100.0,0,,2026-05-18 09:14:09
45914,63,2026-04,GUIA_MEI,GUIA_MEI,concluida,,,,,,,100.0,0,,2026-05-13 08:57:28
45916,63,2026-04,REL_DEBITOS,REL_DEBITOS,concluida,,,,,,,100.0,0,,2026-05-18 09:13:39
45917,63,2026-04,REL_MEI,REL_MEI,concluida,,,,,,,100.0,0,,2026-05-13 11:10:20
59036,49,2026-04,OUTRA,OUTRA,concluida,,,,,,,100.0,0,,2026-05-31 01:03:30
45874,48,2026-04,COBRAR_HONORARIOS,COBRAR_HONORARIOS,concluida,,,,,,,100.0,0,,2026-05-31 01:03:20
45876,48,2026-04,PUXAR_NF_SAIDA,PUXAR_NF_SAIDA,concluida,,,,,,,100.0,0,,2026-05-31 01:02:04
59278,48,2026-04,OUTRA,OUTRA,concluida,,,,,,,100.0,0,,2026-05-31 01:03:30
45988,80,2026-04,ENV_CONTRACHEQUES,ENV_CONTRACHEQUES,concluida,,,,,,,100.0,0,,2026-05-18 09:14:10
45989,80,2026-04,GUIA_FGTS,GUIA_FGTS,concluida,,,,,,,100.0,0,,2026-05-18 09:14:11
45990,80,2026-04,GUIA_INSS,GUIA_INSS,concluida,,,,,,,100.0,0,,2026-05-18 09:14:10
45991,80,2026-04,GUIA_PREF,GUIA_PREF,concluida,,,,NÃO PARCELADO 2026,,,100.0,0,,2026-05-18 09:14:11
45992,80,2026-04,PUXAR_NF_SAIDA,PUXAR_NF_SAIDA,concluida,,,,,,,100.0,0,,2026-05-31 01:02:02
46129,80,2026-04,EXEC_FOLHA,EXEC_FOLHA,concluida,,,,[Responsável: Escritório (Vitor)],,,100.0,0,,2026-05-18 09:14:10
46135,80,2026-04,GUIA_FGTS_PARC,GUIA_FGTS_PARC,concluida,,,,,,,100.0,0,,2026-05-18 09:14:11
75129,80,2026-04,ENV_PARC_SIMPLES,ENV_PARC_SIMPLES,concluida,,,,PAR SIMPLES,,,100.0,0,,2026-05-18 09:14:11
45936,70,2026-04,APUR_SIMPLES,APUR_SIMPLES,concluida,,,,[Responsável: Rayana],,,83.33,0,,2026-05-18 09:14:11
45937,70,2026-04,ENV_PARC_SIMPLES,ENV_PARC_SIMPLES,concluida,,,,PAR SIMPLES,,,83.33,0,,2026-05-18 09:14:11
45938,70,2026-04,GUIA_PREF,GUIA_PREF,pendente,,,,,,,83.33,0,,2026-05-18 09:14:11
45939,70,2026-04,PUXAR_NF_SAIDA,PUXAR_NF_SAIDA,concluida,,,,,,,83.33,0,,2026-05-31 01:02:04
45940,70,2026-04,REL_DEBITOS,REL_DEBITOS,concluida,,,,"COMPROMISSOS MAR/26 58859439000154 (C) 24587847000182 (E)
> 20/12 - 270$ Honorários pago 05/01 ✅
> 20/01 - 270$ Honorários⚠
> 20/02 - 270$ Honorários⚠

> 30/09 - 236$ Par.Elenise 10/12 (ECAC/CNPJ/SISPAR)
> 30/10 - 236$ Par.Elenise 11/12 (ECAC/CNPJ/SISPAR)
> 30/11 - 236$ Par.Elenise 12/12 (ECAC/CNPJ/SISPAR)*
#parcelamento expirado
#débito total = 20.367,37

> 20/12 - 1.198$ Imposto
> 20/01 - 1.600$ Imposto
> 20/02 - 1.741$ Imposto
> 20/02 - ???$ Imposto

> 27/02 - ???$ Parc.Simples*
> 27/02 - ???$ Parc.Simples*
#sistema off

🔰 Honorários 270$ (out25/mar26)
🔰 Chave PIX: 82988299726 Decessars
🔰 Elenise: 70403170443 Mercado@23 (possui outros débitos, mas está sendo reslovido um por um)
🔰 Poral do Contribuinte: 24142860 cC@50131
💰 Alíquota impostos: 5,59% do faturamento",,,83.33,0,,2026-05-18 09:14:11
84026,70,2026-04,PEDIR_INFOS,PEDIR_INFOS,concluida,,,,,,,83.33,0,,2026-05-18 09:14:11
45901,58,2026-04,EMISSAO_NF,EMISSAO_NF,concluida,,,,,,,100.0,0,,2026-05-18 09:14:07
45902,58,2026-04,OUTRA,OUTRA,concluida,,,,,,,100.0,0,,2026-05-18 09:14:07
43821,91,2026-04,OUTRA,OUTRA,concluida,,,,,,,100.0,0,,2026-05-31 01:03:31
89586,91,2026-04,PUXAR_NF_SAIDA,PUXAR_NF_SAIDA,concluida,,,,,,,100.0,0,,2026-05-31 01:02:03
89846,91,2026-04,PEDIR_INFOS,PEDIR_INFOS,concluida,,,,,,,100.0,0,,2026-05-18 09:14:13
89988,91,2026-04,CONS_ICMS_ST,CONS_ICMS_ST,concluida,,,,,,,100.0,0,,2026-05-31 01:01:58
89989,91,2026-04,GUIA_PREF,GUIA_PREF,concluida,,,,NÃO PARCELADO 2026,,,100.0,0,,2026-05-18 09:14:13
89992,91,2026-04,REL_DEBITOS,REL_DEBITOS,concluida,,,,,,,100.0,0,,2026-05-18 09:14:13
90256,91,2026-04,APUR_SIMPLES,APUR_SIMPLES,concluida,,,,,,,100.0,0,,2026-05-18 09:14:13
90257,91,2026-04,GUIA_MEI,GUIA_MEI,concluida,,,,,,,100.0,0,,2026-05-18 09:14:13
90262,91,2026-04,COBRAR_HONORARIOS,COBRAR_HONORARIOS,concluida,,,,,,,100.0,0,,2026-05-31 01:03:20
45918,64,2026-04,APUR_SIMPLES,APUR_SIMPLES,concluida,,,,[Responsável: Edivan],,,100.0,0,,2026-05-18 09:14:08
45919,64,2026-04,CONS_ICMS_ST,CONS_ICMS_ST,concluida,,,,,,,100.0,0,,2026-05-31 01:01:58
45920,64,2026-04,GUIA_MEI,GUIA_MEI,concluida,,,,,,,100.0,0,,2026-05-18 09:14:09
45921,64,2026-04,GUIA_PREF,GUIA_PREF,concluida,,,,NÃO PARCELADO 2026,,,100.0,0,,2026-05-18 09:14:09
45922,64,2026-04,PEDIR_INFOS,PEDIR_INFOS,concluida,,,,[Responsável: Rayana],,,100.0,0,,2026-05-18 09:14:08
45923,64,2026-04,PUXAR_NF_SAIDA,PUXAR_NF_SAIDA,concluida,,,,,,,100.0,0,,2026-05-31 01:02:04
45924,64,2026-04,REL_DEBITOS,REL_DEBITOS,concluida,,,,,,,100.0,0,,2026-05-18 09:14:09
45925,64,2026-04,REL_MEI,REL_MEI,concluida,,,,,,,100.0,0,,2026-05-18 09:14:09
42895,85,2026-04,PEDIR_INFOS,PEDIR_INFOS,concluida,,,,[Responsável: Rayana],,,100.0,0,,2026-05-18 09:14:11
42896,85,2026-04,GUIA_PREF,GUIA_PREF,concluida,,,,CODIGO IMOVEL 187359,,,100.0,0,,2026-05-18 09:14:11
42897,85,2026-04,REL_DEBITOS,REL_DEBITOS,concluida,,,,,,,100.0,0,,2026-05-18 09:34:22
42898,85,2026-04,PUXAR_NF_SAIDA,PUXAR_NF_SAIDA,concluida,,,,,,,100.0,0,,2026-05-18 09:14:11
42899,85,2026-04,PARC_IMPOSTOS,PARC_IMPOSTOS,concluida,,,,,,,100.0,0,,2026-05-18 09:14:11
45993,82,2026-04,APUR_SIMPLES,APUR_SIMPLES,concluida,,,,[Responsável: Edivan],,,100.0,0,,2026-05-18 09:14:12
45994,82,2026-04,GUIA_INSS,GUIA_INSS,concluida,,,,,,,100.0,0,,2026-05-18 09:14:12
45995,82,2026-04,GUIA_PREF,GUIA_PREF,concluida,,,,[Responsável: Edivan],,,100.0,0,,2026-05-18 09:14:12
45996,82,2026-04,PUXAR_NF_SAIDA,PUXAR_NF_SAIDA,concluida,,,,,,,100.0,0,,2026-05-31 01:02:03
46150,82,2026-04,EXEC_FOLHA,EXEC_FOLHA,concluida,,,,,,,100.0,0,,2026-05-18 09:14:11
75148,82,2026-04,ENV_CONTRACHEQUES,ENV_CONTRACHEQUES,concluida,,,,,,,100.0,0,,2026-05-31 01:00:27
81788,82,2026-04,PEDIR_INFOS,PEDIR_INFOS,concluida,,,,,,,100.0,0,,2026-05-18 09:14:12
81644,89,2026-04,PEDIR_INFOS,PEDIR_INFOS,concluida,,,,,,,100.0,0,,2026-05-18 09:14:05
81645,89,2026-04,GUIA_MEI,GUIA_MEI,concluida,,,,,,,100.0,0,,2026-05-18 09:14:05
81646,89,2026-04,ENV_PARC_SIMPLES,ENV_PARC_SIMPLES,concluida,,,,PAR SIMPLES,,,100.0,0,,2026-05-18 09:14:06
81647,89,2026-04,REL_MEI,REL_MEI,concluida,,,,,,,100.0,0,,2026-05-18 09:14:06
81648,89,2026-04,GUIA_PREF,GUIA_PREF,concluida,,,,NÃO PARCELADO MEI-ANTIGO,,,100.0,0,,2026-05-18 09:14:06
45935,68,2026-04,COBRAR_HONORARIOS,COBRAR_HONORARIOS,concluida,,,,,,,100.0,0,,2026-05-11 11:29:50
93623,68,2026-04,OUTRA,OUTRA,concluida,,,,,,,100.0,0,,2026-05-31 01:03:31
43634,81,2026-04,OUTRA,OUTRA,concluida,,,,,,,100.0,0,,2026-05-18 09:14:12
46013,96,2026-04,OUTRA,OUTRA,concluida,,,,,,,100.0,0,,2026-05-31 01:03:30
46014,96,2026-04,PARC_MENSAL,PARC_MENSAL,concluida,,,,,,,100.0,0,,2026-05-31 01:03:26
45893,56,2026-04,GUIA_MEI,GUIA_MEI,concluida,,,,,,,100.0,0,,2026-05-18 09:14:08
45894,56,2026-04,PEDIR_INFOS,PEDIR_INFOS,concluida,,,,[Responsável: Rayana],,,100.0,0,,2026-05-18 09:14:08
45895,56,2026-04,REL_DEBITOS,REL_DEBITOS,concluida,,,,,,,100.0,0,,2026-05-18 09:53:56
45896,56,2026-04,REL_MEI,REL_MEI,concluida,,,,,,,100.0,0,,2026-05-18 09:14:08
80571,98,2026-04,PEDIR_INFOS,PEDIR_INFOS,concluida,,,,,,,100.0,0,,2026-05-18 09:14:09
80572,98,2026-04,GUIA_MEI,GUIA_MEI,concluida,,,,,,,100.0,0,,2026-05-18 09:14:09
84834,101,2026-04,OUTRA,OUTRA,concluida,,,,,,,100.0,0,,2026-05-31 01:03:30
46158,74,2026-04,OUTRA,OUTRA,concluida,,,,,,,100.0,0,,2026-05-11 11:27:52
46163,86,2026-04,OUTRA,OUTRA,concluida,,,,,,,100.0,0,,2026-05-07 15:08:10
53475,97,2026-04,PUXAR_NF_SAIDA,PUXAR_NF_SAIDA,concluida,,,,,,,85.71,0,,2026-05-31 01:02:03
53478,97,2026-04,PEDIR_INFOS,PEDIR_INFOS,concluida,,,,[Responsável: Rayana],,,85.71,0,,2026-05-18 09:14:12
53479,97,2026-04,APUR_SIMPLES,APUR_SIMPLES,concluida,,,,[Responsável: Rayana],,,85.71,0,,2026-05-18 09:14:12
53480,97,2026-04,GUIA_PREF,GUIA_PREF,concluida,,,,NÃO PARCELADO 2026,,,85.71,0,,2026-05-18 09:14:12
53481,97,2026-04,REL_DEBITOS,REL_DEBITOS,concluida,,,,,,,85.71,0,,2026-05-18 09:14:12
53483,97,2026-04,EMISSAO_NF,EMISSAO_NF,pendente,,,,,,,85.71,0,,2026-05-18 09:14:12
53484,97,2026-04,COBRAR_HONORARIOS,COBRAR_HONORARIOS,concluida,,,,,,,85.71,0,,2026-05-31 01:03:20
45885,53,2026-04,GUIA_MEI,GUIA_MEI,concluida,,,,,,,100.0,0,,2026-05-18 09:14:08
45886,53,2026-04,REL_MEI,REL_MEI,concluida,,,,,,,100.0,0,,2026-05-18 09:14:08
82109,53,2026-04,PEDIR_INFOS,PEDIR_INFOS,concluida,,,,,,,100.0,0,,2026-05-18 09:14:08
93609,53,2026-04,OUTRA,OUTRA,concluida,,,,,,,100.0,0,,2026-05-31 01:03:30
43328,83,2026-04,PUXAR_NF_SAIDA,PUXAR_NF_SAIDA,concluida,,,,,,,100.0,0,,2026-05-18 09:14:12
43329,83,2026-04,COBRAR_HONORARIOS,COBRAR_HONORARIOS,concluida,,,,,,,100.0,0,,2026-05-11 11:27:14
93705,83,2026-04,OUTRA,OUTRA,concluida,,,,,,,100.0,0,,2026-05-31 01:03:30
46008,93,2026-04,ENV_PARC_SIMPLES,ENV_PARC_SIMPLES,concluida,,,,PAR MEI,,,100.0,0,,2026-05-18 09:14:14
96295,93,2026-04,PUXAR_NF_SAIDA,PUXAR_NF_SAIDA,concluida,,,,,,,100.0,0,,2026-05-31 01:02:03
46011,95,2026-04,OUTRA,OUTRA,concluida,,,,,,,100.0,0,,2026-05-31 01:03:31
46012,95,2026-04,PUXAR_NF_SAIDA,PUXAR_NF_SAIDA,concluida,,,,,,,100.0,0,,2026-05-31 01:02:03
45864,46,2026-04,GUIA_MEI,GUIA_MEI,concluida,,,,,,,100.0,0,,2026-05-18 09:14:08
45865,46,2026-04,PEDIR_INFOS,PEDIR_INFOS,concluida,,,,[Responsável: Rayana],,,100.0,0,,2026-05-18 09:14:08
45866,46,2026-04,REL_DEBITOS,REL_DEBITOS,concluida,,,,,,,100.0,0,,2026-05-18 09:14:08
45867,46,2026-04,REL_MEI,REL_MEI,concluida,,,,,,,100.0,0,,2026-05-18 09:14:08
45903,59,2026-04,COBRAR_HONORARIOS,COBRAR_HONORARIOS,concluida,,,,,,,100.0,0,,2026-05-11 11:27:28
45904,59,2026-04,OUTRA,OUTRA,concluida,,,,,,,100.0,0,,2026-05-18 09:14:07
43171,52,2026-04,GUIA_MEI,GUIA_MEI,concluida,,,,,,,100.0,0,,2026-05-18 09:14:07
45930,67,2026-04,ENV_PARC_SIMPLES,ENV_PARC_SIMPLES,concluida,,,,PAR MEI,,,100.0,0,,2026-05-18 09:14:06
45931,67,2026-04,GUIA_MEI,GUIA_MEI,concluida,,,,,,,100.0,0,,2026-05-18 09:14:06
45933,67,2026-04,REL_DEBITOS,REL_DEBITOS,concluida,,,,,,,100.0,0,,2026-05-18 09:14:06
45934,67,2026-04,REL_MEI,REL_MEI,concluida,,,,,,,100.0,0,,2026-05-18 09:14:06
45114,77,2026-04,EXEC_FOLHA,EXEC_FOLHA,concluida,,,,[Responsável: Escritório (Vitor)],,,100.0,0,,2026-05-18 09:14:12
45115,77,2026-04,ENV_CONTRACHEQUES,ENV_CONTRACHEQUES,concluida,,,,,,,100.0,0,,2026-05-18 09:14:12
45116,77,2026-04,GUIA_INSS,GUIA_INSS,concluida,,,,,,,100.0,0,,2026-05-18 09:14:12
45117,77,2026-04,GUIA_FGTS,GUIA_FGTS,concluida,,,,,,,100.0,0,,2026-05-18 09:14:13
45118,77,2026-04,PEDIR_INFOS,PEDIR_INFOS,concluida,,,,[Responsável: Rayana],,,100.0,0,,2026-05-06 17:28:33
45119,77,2026-04,APUR_ISS,APUR_ISS,concluida,,,,,,,100.0,0,,2026-05-18 09:14:13
45120,77,2026-04,ENV_PARC_SIMPLES,ENV_PARC_SIMPLES,concluida,,,,[Responsável: Escritório (Vitor)],,,100.0,0,,2026-05-18 09:14:13
45121,77,2026-04,GUIA_PREF,GUIA_PREF,concluida,,,,,,,100.0,0,,2026-05-31 01:00:32
45122,77,2026-04,REL_DEBITOS,REL_DEBITOS,concluida,,,,,,,100.0,0,,2026-05-18 09:54:00
45123,77,2026-04,PUXAR_NF_SAIDA,PUXAR_NF_SAIDA,concluida,,,,,,,100.0,0,,2026-05-31 01:02:04
45124,77,2026-04,COBRAR_HONORARIOS,COBRAR_HONORARIOS,concluida,,,,,,,100.0,0,,2026-05-31 01:03:20
45125,77,2026-04,PARC_MENSAL,PARC_MENSAL,concluida,,,,,,,100.0,0,,2026-05-31 01:03:26
45126,77,2026-04,PARC_IMPOSTOS,PARC_IMPOSTOS,concluida,,,,,,,100.0,0,,2026-05-31 01:03:26
82088,99,2026-04,PEDIR_INFOS,PEDIR_INFOS,concluida,,,,,,,100.0,0,,2026-05-07 15:34:19
82089,99,2026-04,OUTRA,OUTRA,concluida,,,,,,,100.0,0,,2026-05-31 01:03:31
45887,54,2026-04,OUTRA,OUTRA,concluida,,,,,,,100.0,0,,2026-05-31 01:03:31
45888,54,2026-04,REL_MEI,REL_MEI,concluida,,,,,,,100.0,0,,2026-05-07 14:39:25
45889,55,2026-04,GUIA_MEI,GUIA_MEI,concluida,,,,,,,100.0,0,,2026-05-18 09:14:06
45890,55,2026-04,PEDIR_INFOS,PEDIR_INFOS,concluida,,,,[Responsável: Rayana],,,100.0,0,,2026-05-18 09:14:06
45891,55,2026-04,REL_DEBITOS,REL_DEBITOS,concluida,,,,,,,100.0,0,,2026-05-18 09:14:06
45892,55,2026-04,REL_MEI,REL_MEI,concluida,,,,,,,100.0,0,,2026-05-18 09:14:06
83682,100,2026-04,PEDIR_INFOS,PEDIR_INFOS,concluida,,,,,,,100.0,0,,2026-05-18 09:14:13
83683,100,2026-04,PUXAR_NF_SAIDA,PUXAR_NF_SAIDA,concluida,,,,,,,100.0,0,,2026-05-31 01:02:03
83684,100,2026-04,OUTRA,OUTRA,concluida,,,,,,,100.0,0,,2026-05-31 01:03:30
45906,61,2026-04,GUIA_MEI,GUIA_MEI,concluida,,,,,,,100.0,0,,2026-05-18 09:14:09
45907,61,2026-04,PEDIR_INFOS,PEDIR_INFOS,concluida,,,,[Responsável: Rayana],,,100.0,0,,2026-05-18 09:14:09
45908,61,2026-04,REL_DEBITOS,REL_DEBITOS,concluida,,,,,,,100.0,0,,2026-05-18 09:44:58
45909,61,2026-04,REL_MEI,REL_MEI,concluida,,,,,,,100.0,0,,2026-05-18 09:14:09
45868,47,2026-04,ENV_CONTRACHEQUES,ENV_CONTRACHEQUES,concluida,,,,,,,100.0,0,,2026-05-18 09:14:06
45869,47,2026-04,GUIA_INSS,GUIA_INSS,concluida,,,,,,,100.0,0,,2026-05-18 09:14:06
45870,47,2026-04,GUIA_MEI,GUIA_MEI,concluida,,,,,,,100.0,0,,2026-05-18 09:14:06
45871,47,2026-04,PEDIR_INFOS,PEDIR_INFOS,concluida,,,,[Responsável: Rayana],,,100.0,0,,2026-05-18 09:14:06
45872,47,2026-04,REL_DEBITOS,REL_DEBITOS,concluida,,,,,,,100.0,0,,2026-05-18 09:14:06
45873,47,2026-04,REL_MEI,REL_MEI,concluida,,,,,,,100.0,0,,2026-05-18 09:14:06
46033,47,2026-04,EXEC_FOLHA,EXEC_FOLHA,concluida,,,,[Responsável: Escritório (Vitor)],,,100.0,0,,2026-05-18 09:14:06
45860,44,2026-04,OUTRA,OUTRA,concluida,,,,,,,100.0,0,,2026-05-18 09:14:06
45861,44,2026-04,REL_MEI,REL_MEI,concluida,,,,,,,100.0,0,,2026-05-07 14:40:01
46009,94,2026-04,APUR_SIMPLES,APUR_SIMPLES,concluida,,,,[Responsável: Rayana],,,90.0,0,,2026-05-18 09:14:14
46010,94,2026-04,PUXAR_NF_SAIDA,PUXAR_NF_SAIDA,concluida,,,,,,,90.0,0,,2026-05-31 01:02:04
69212,94,2026-04,EXEC_FOLHA,EXEC_FOLHA,concluida,,,,[Responsável: Escritório (Vitor)],,,90.0,0,,2026-05-18 09:14:13
69213,94,2026-04,ENV_CONTRACHEQUES,ENV_CONTRACHEQUES,concluida,,,,,,,90.0,0,,2026-05-18 09:14:13
69214,94,2026-04,GUIA_INSS,GUIA_INSS,concluida,,,,,,,90.0,0,,2026-05-18 09:14:14
86089,94,2026-04,PEDIR_INFOS,PEDIR_INFOS,concluida,,,,,,,90.0,0,,2026-05-18 09:14:14
87248,94,2026-04,GUIA_PREF,GUIA_PREF,pendente,,,,,,,90.0,0,,2026-05-18 09:14:14
87249,94,2026-04,REL_DEBITOS,REL_DEBITOS,concluida,,,,,,,90.0,0,,2026-05-18 09:14:14
87250,94,2026-04,CONS_ICMS_ST,CONS_ICMS_ST,concluida,,,,,,,90.0,0,,2026-05-31 01:01:58
87252,94,2026-04,COBRAR_HONORARIOS,COBRAR_HONORARIOS,concluida,,,,,,,90.0,0,,2026-05-31 01:03:20
45957,75,2026-04,APUR_SIMPLES,APUR_SIMPLES,concluida,,,,,,,100.0,0,,2026-05-18 09:14:10
45958,75,2026-04,GUIA_PREF,GUIA_PREF,concluida,,,,PAGO! 1/2,,,100.0,0,,2026-05-18 09:14:10
45959,75,2026-04,PEDIR_INFOS,PEDIR_INFOS,concluida,,,,[Responsável: Rayana],,,100.0,0,,2026-05-18 09:14:10
45960,75,2026-04,PUXAR_NF_SAIDA,PUXAR_NF_SAIDA,concluida,,,,,,,100.0,0,,2026-05-31 01:02:02
45961,75,2026-04,REL_DEBITOS,REL_DEBITOS,concluida,,,,,,,100.0,0,,2026-05-18 09:14:10
69147,75,2026-04,EXEC_FOLHA,EXEC_FOLHA,concluida,,,,[Responsável: Escritório (Vitor)],,,100.0,0,,2026-05-18 09:14:10
69148,75,2026-04,ENV_CONTRACHEQUES,ENV_CONTRACHEQUES,concluida,,,,,,,100.0,0,,2026-05-18 09:14:10
69149,75,2026-04,GUIA_INSS,GUIA_INSS,concluida,,,,,,,100.0,0,,2026-05-18 09:14:10
69150,75,2026-04,GUIA_FGTS,GUIA_FGTS,concluida,,,,,,,100.0,0,,2026-05-18 09:14:10
75121,75,2026-04,ENV_PARC_SIMPLES,ENV_PARC_SIMPLES,concluida,,,,PAR SIMPLES,,,100.0,0,,2026-05-18 09:14:10
45877,50,2026-04,GUIA_MEI,GUIA_MEI,concluida,,,,,,,100.0,0,,2026-05-18 09:14:07
45878,50,2026-04,PEDIR_INFOS,PEDIR_INFOS,concluida,,,,[Responsável: Rayana],,,100.0,0,,2026-05-18 09:14:07
45879,50,2026-04,REL_DEBITOS,REL_DEBITOS,concluida,,,,,,,100.0,0,,2026-05-18 09:50:44
45880,50,2026-04,REL_MEI,REL_MEI,concluida,,,,,,,100.0,0,,2026-05-18 09:14:07
75058,50,2026-04,GUIA_PREF,GUIA_PREF,concluida,,,,,,,100.0,0,,2026-05-13 11:23:24
45982,79,2026-04,APUR_SIMPLES,APUR_SIMPLES,concluida,,,,[Responsável: Rayana],,,100.0,0,,2026-05-18 09:14:07
45983,79,2026-04,ENV_CONTRACHEQUES,ENV_CONTRACHEQUES,concluida,,,,,,,100.0,0,,2026-05-18 09:14:07
45984,79,2026-04,GUIA_INSS,GUIA_INSS,concluida,,,,,,,100.0,0,,2026-05-18 09:14:07
45985,79,2026-04,GUIA_PREF,GUIA_PREF,concluida,,,,PAGO! 1/2,,,100.0,0,,2026-05-18 09:14:07
45986,79,2026-04,PUXAR_NF_SAIDA,PUXAR_NF_SAIDA,concluida,,,,,,,100.0,0,,2026-05-31 01:02:03
45987,79,2026-04,REL_DEBITOS,REL_DEBITOS,concluida,,,,,,,100.0,0,,2026-05-18 09:14:07
46056,79,2026-04,EXEC_FOLHA,EXEC_FOLHA,concluida,,,,[Responsável: Escritório (Vitor)],,,100.0,0,,2026-05-18 09:14:07
85943,79,2026-04,PEDIR_INFOS,PEDIR_INFOS,concluida,,,,,,,100.0,0,,2026-05-18 09:14:07
46004,88,2026-04,APUR_SIMPLES,APUR_SIMPLES,concluida,,,,[Responsável: Rayana],,,100.0,0,,2026-05-18 09:14:11
46005,88,2026-04,GUIA_PREF,GUIA_PREF,concluida,,,,NÃO PARCELADO 2026,,,100.0,0,,2026-05-18 09:14:11
46006,88,2026-04,PUXAR_NF_SAIDA,PUXAR_NF_SAIDA,concluida,,,,,,,100.0,0,,2026-05-31 01:02:03
46007,88,2026-04,REL_DEBITOS,REL_DEBITOS,concluida,,,,,,,100.0,0,,2026-05-18 09:32:07
86038,88,2026-04,PEDIR_INFOS,PEDIR_INFOS,concluida,,,,,,,100.0,0,,2026-05-18 09:14:11
43248,57,2026-04,PEDIR_INFOS,PEDIR_INFOS,concluida,,,,[Responsável: Rayana],,,100.0,0,,2026-05-18 09:14:08
43249,57,2026-04,GUIA_MEI,GUIA_MEI,concluida,,,,,,,100.0,0,,2026-05-18 09:14:08
43250,57,2026-04,REL_MEI,REL_MEI,concluida,,,,,,,100.0,0,,2026-05-18 09:14:08
43251,57,2026-04,REL_DEBITOS,REL_DEBITOS,concluida,,,,,,,100.0,0,,2026-05-18 09:14:08
45905,60,2026-04,OUTRA,OUTRA,concluida,,,,,,,100.0,0,,2026-05-18 09:14:06
45947,72,2026-04,APUR_SIMPLES,APUR_SIMPLES,concluida,,,,[Responsável: Edivan],,,100.0,0,,2026-05-18 09:14:14
45948,72,2026-04,GUIA_PREF,GUIA_PREF,concluida,,,,PAGO! 1/2,,,100.0,0,,2026-05-18 09:14:14
45949,72,2026-04,PUXAR_NF_SAIDA,PUXAR_NF_SAIDA,concluida,,,,,,,100.0,0,,2026-05-31 01:02:03
45950,72,2026-04,REL_DEBITOS,REL_DEBITOS,concluida,,,,,,,100.0,0,,2026-05-18 09:14:14
86093,72,2026-04,PEDIR_INFOS,PEDIR_INFOS,concluida,,,,,,,100.0,0,,2026-05-18 09:14:14
45862,45,2026-04,COBRAR_HONORARIOS,COBRAR_HONORARIOS,concluida,,,,,,,100.0,0,,2026-05-11 11:26:21
45863,45,2026-04,OUTRA,OUTRA,concluida,,,,,,,100.0,0,,2026-05-18 09:14:06
45881,51,2026-04,GUIA_MEI,GUIA_MEI,concluida,,,,,,,100.0,0,,2026-05-18 09:14:06
45882,51,2026-04,PEDIR_INFOS,PEDIR_INFOS,concluida,,,,[Responsável: Rayana],,,100.0,0,,2026-05-18 09:14:06
45883,51,2026-04,REL_MEI,REL_MEI,concluida,,,,,,,100.0,0,,2026-05-18 09:14:06
93748,102,2026-04,GUIA_MEI,GUIA_MEI,concluida,,,,,,,100.0,0,,2026-05-18 09:14:14
93749,102,2026-04,GUIA_PREF,GUIA_PREF,concluida,,,,NÃO PARCELADO ANTIGOS+2026,,,100.0,0,,2026-05-18 09:14:14
93750,102,2026-04,REL_DEBITOS,REL_DEBITOS,concluida,,,,,,,100.0,0,,2026-05-18 09:14:14
93751,102,2026-04,CONS_ICMS_ST,CONS_ICMS_ST,concluida,,,,,,,100.0,0,,2026-05-31 01:01:58
93752,102,2026-04,PUXAR_NF_SAIDA,PUXAR_NF_SAIDA,concluida,,,,,,,100.0,0,,2026-05-31 01:02:03
93753,102,2026-04,COBRAR_HONORARIOS,COBRAR_HONORARIOS,concluida,,,,,,,100.0,0,,2026-05-31 01:03:20
93754,102,2026-04,OUTRA,OUTRA,concluida,,,,,,,100.0,0,,2026-05-31 01:03:30
45941,71,2026-04,APUR_SIMPLES,APUR_SIMPLES,concluida,,,,[Responsável: Edivan],,,100.0,0,,2026-05-18 09:14:07
45942,71,2026-04,ENV_CONTRACHEQUES,ENV_CONTRACHEQUES,concluida,,,,,,,100.0,0,,2026-05-18 09:14:07
45943,71,2026-04,GUIA_INSS,GUIA_INSS,concluida,,,,,,,100.0,0,,2026-05-18 09:14:07
45944,71,2026-04,GUIA_PREF,GUIA_PREF,concluida,,,,PAGO! 1/2,,,100.0,0,,2026-05-18 09:14:07
45945,71,2026-04,PUXAR_NF_SAIDA,PUXAR_NF_SAIDA,concluida,,,,,,,100.0,0,,2026-05-31 01:02:03
45946,71,2026-04,REL_DEBITOS,REL_DEBITOS,concluida,,,,,,,100.0,0,,2026-05-18 09:51:04
46046,71,2026-04,EXEC_FOLHA,EXEC_FOLHA,concluida,,,,[Responsável: Escritório (Vitor)],,,100.0,0,,2026-05-18 09:14:07
85932,71,2026-04,PEDIR_INFOS,PEDIR_INFOS,concluida,,,,,,,100.0,0,,2026-05-18 09:14:07
4499,62,2026-03,GUIA_MEI,GUIA_MEI,concluida,,,,,,,100.0,0,,2026-05-04 13:39:57
4500,62,2026-03,REL_MEI,REL_MEI,concluida,,,,,,,100.0,0,,2026-05-04 13:39:57
4501,62,2026-03,PEDIR_INFOS,PEDIR_INFOS,concluida,,,,,,,100.0,0,,2026-05-04 13:39:57
4502,62,2026-03,REL_DEBITOS,REL_DEBITOS,concluida,,,,,,,100.0,0,,2026-05-04 13:39:57
12881,76,2026-03,OUTRA,OUTRA,concluida,,,,,,,100.0,0,,2026-05-04 13:39:58
4560,69,2026-03,EXEC_FOLHA,EXEC_FOLHA,concluida,,,,,,,100.0,0,,2026-03-02 13:53:30
4561,69,2026-03,GUIA_PREF,GUIA_PREF,concluida,,,,,,,100.0,0,,2026-04-30 15:37:44
4562,69,2026-03,ENV_CONTRACHEQUES,ENV_CONTRACHEQUES,concluida,,,,,,,100.0,0,,2026-04-05 16:36:31
4563,69,2026-03,GUIA_INSS,GUIA_INSS,concluida,,,,,,,100.0,0,,2026-04-05 16:39:53
34479,69,2026-03,PUXAR_NF_SAIDA,PUXAR_NF_SAIDA,concluida,,,,,,,100.0,0,,2026-04-16 14:03:34
4551,78,2026-03,APUR_SIMPLES,APUR_SIMPLES,concluida,,,,[Responsável: Edivan],,,100.0,0,,2026-05-04 13:39:58
4552,78,2026-03,EXEC_FOLHA,EXEC_FOLHA,concluida,,,,,,,100.0,0,,2026-05-04 13:39:58
4553,78,2026-03,GUIA_PREF,GUIA_PREF,concluida,,,,,,,100.0,0,,2026-05-04 13:39:58
4554,78,2026-03,ENV_CONTRACHEQUES,ENV_CONTRACHEQUES,concluida,,,,,,,100.0,0,,2026-05-04 13:39:58
4555,78,2026-03,GUIA_INSS,GUIA_INSS,concluida,,,,,,,100.0,0,,2026-05-04 13:39:58
4556,78,2026-03,GUIA_FGTS,GUIA_FGTS,concluida,,,,,,,100.0,0,,2026-05-04 13:39:58
4557,78,2026-03,REL_DEBITOS,REL_DEBITOS,concluida,,,,,,,100.0,0,,2026-05-04 13:39:58
4558,78,2026-03,GUIA_FGTS_PARC,GUIA_FGTS_PARC,concluida,,,,,,,100.0,0,,2026-05-04 13:39:58
24665,78,2026-03,PUXAR_NF_SAIDA,PUXAR_NF_SAIDA,concluida,,,,,,,100.0,0,,2026-05-04 13:39:58
34248,78,2026-03,ENV_PARC_SIMPLES,ENV_PARC_SIMPLES,concluida,,,,,,,100.0,0,,2026-05-04 13:39:58
4565,73,2026-03,APUR_SIMPLES,APUR_SIMPLES,concluida,,,,[Responsável: Edivan],,,100.0,0,,2026-05-04 13:39:58
4566,73,2026-03,EXEC_FOLHA,EXEC_FOLHA,concluida,,,,,,,100.0,0,,2026-05-04 13:39:58
4567,73,2026-03,GUIA_PREF,GUIA_PREF,concluida,,,,,,,100.0,0,,2026-05-04 13:39:58
4568,73,2026-03,ENV_CONTRACHEQUES,ENV_CONTRACHEQUES,concluida,,,,,,,100.0,0,,2026-05-04 13:39:58
4569,73,2026-03,GUIA_INSS,GUIA_INSS,concluida,,,,,,,100.0,0,,2026-05-04 13:39:58
4570,73,2026-03,REL_DEBITOS,REL_DEBITOS,concluida,,,,,,,100.0,0,,2026-05-04 13:39:58
24663,73,2026-03,PUXAR_NF_SAIDA,PUXAR_NF_SAIDA,concluida,,,,,,,100.0,0,,2026-05-04 13:39:58
4547,65,2026-03,GUIA_MEI,GUIA_MEI,concluida,,,,,,,100.0,0,,2026-05-04 13:39:58
4548,65,2026-03,REL_MEI,REL_MEI,concluida,,,,,,,100.0,0,,2026-05-07 14:05:38
4549,65,2026-03,PEDIR_INFOS,PEDIR_INFOS,concluida,,,,,,,100.0,0,,2026-05-04 13:39:58
4550,65,2026-03,REL_DEBITOS,REL_DEBITOS,concluida,,,,,,,100.0,0,,2026-05-07 14:05:39
4422,63,2026-03,GUIA_MEI,GUIA_MEI,concluida,,,,,,,100.0,0,,2026-05-04 13:39:55
4424,63,2026-03,REL_MEI,REL_MEI,concluida,,,,,,,100.0,0,,2026-05-04 13:39:55
4427,63,2026-03,REL_DEBITOS,REL_DEBITOS,concluida,,,,,,,100.0,0,,2026-05-04 13:39:55
31847,63,2026-03,PARC_MENSAL,PARC_MENSAL,concluida,,,,,,,100.0,0,,2026-04-16 16:46:52
30440,49,2026-03,OUTRA,OUTRA,concluida,,,,,,,100.0,0,,2026-04-16 16:54:05
4418,48,2026-03,PARC_IMPOSTOS,PARC_IMPOSTOS,concluida,,,,,,,100.0,0,,2026-04-16 16:59:01
12781,48,2026-03,COBRAR_HONORARIOS,COBRAR_HONORARIOS,concluida,,,,,,,100.0,0,,2026-05-04 13:39:55
34411,48,2026-03,PUXAR_NF_SAIDA,PUXAR_NF_SAIDA,concluida,,,,,,,100.0,0,,2026-05-04 13:39:55
62706,48,2026-03,OUTRA,OUTRA,concluida,,,,,,,100.0,0,,2026-05-11 11:30:49
13161,80,2026-03,EXEC_FOLHA,EXEC_FOLHA,concluida,,,,,,,100.0,0,,2026-05-04 13:39:59
13162,80,2026-03,ENV_CONTRACHEQUES,ENV_CONTRACHEQUES,concluida,,,,,,,100.0,0,,2026-05-04 13:39:59
13163,80,2026-03,GUIA_INSS,GUIA_INSS,concluida,,,,,,,100.0,0,,2026-05-04 13:39:59
13164,80,2026-03,GUIA_FGTS,GUIA_FGTS,concluida,,,,,,,100.0,0,,2026-05-04 13:39:59
13166,80,2026-03,GUIA_PREF,GUIA_PREF,concluida,,,,,,,100.0,0,,2026-05-04 13:39:59
34540,80,2026-03,PUXAR_NF_SAIDA,PUXAR_NF_SAIDA,concluida,,,,,,,100.0,0,,2026-05-04 13:39:59
38630,80,2026-03,GUIA_FGTS_PARC,GUIA_FGTS_PARC,concluida,,,,,,,100.0,0,,2026-05-04 13:39:59
4574,70,2026-03,APUR_SIMPLES,APUR_SIMPLES,concluida,,,,,,,100.0,0,,2026-05-04 13:39:59
4575,70,2026-03,GUIA_PREF,GUIA_PREF,concluida,,,,,,,100.0,0,,2026-05-07 15:48:33
4576,70,2026-03,REL_DEBITOS,REL_DEBITOS,concluida,,,,"COMPROMISSOS MAR/26 58859439000154 (C) 24587847000182 (E)
> 20/12 - 270$ Honorários pago 05/01 ✅
> 20/01 - 270$ Honorários⚠
> 20/02 - 270$ Honorários⚠

> 30/09 - 236$ Par.Elenise 10/12 (ECAC/CNPJ/SISPAR)
> 30/10 - 236$ Par.Elenise 11/12 (ECAC/CNPJ/SISPAR)
> 30/11 - 236$ Par.Elenise 12/12 (ECAC/CNPJ/SISPAR)*
#parcelamento expirado
#débito total = 20.367,37

> 20/12 - 1.198$ Imposto
> 20/01 - 1.600$ Imposto
> 20/02 - 1.741$ Imposto
> 20/02 - ???$ Imposto

> 27/02 - ???$ Parc.Simples*
> 27/02 - ???$ Parc.Simples*
#sistema off

🔰 Honorários 270$ (out25/mar26)
🔰 Chave PIX: 82988299726 Decessars
🔰 Elenise: 70403170443 Mercado@23 (possui outros débitos, mas está sendo reslovido um por um)
🔰 Poral do Contribuinte: 24142860 cC@50131
💰 Alíquota impostos: 5,59% do faturamento",,,100.0,0,,2026-05-07 15:48:34
12892,70,2026-03,ENV_PARC_SIMPLES,ENV_PARC_SIMPLES,concluida,,,,,,,100.0,0,,2026-05-04 13:39:59
24660,70,2026-03,PUXAR_NF_SAIDA,PUXAR_NF_SAIDA,concluida,,,,,,,100.0,0,,2026-05-04 13:39:59
27244,58,2026-03,EMISSAO_NF,EMISSAO_NF,concluida,,,,,,,100.0,0,,2026-05-11 11:25:59
27245,58,2026-03,OUTRA,OUTRA,concluida,,,,,,,100.0,0,,2026-05-11 11:25:59
28456,91,2026-03,PEDIR_INFOS,PEDIR_INFOS,concluida,,,,,,,100.0,0,,2026-04-08 14:03:29
28457,91,2026-03,APUR_SIMPLES,APUR_SIMPLES,concluida,,,,,,,100.0,0,,2026-04-09 09:42:48
28458,91,2026-03,GUIA_MEI,GUIA_MEI,concluida,,,,,,,100.0,0,,2026-04-16 13:28:24
28459,91,2026-03,REL_DEBITOS,REL_DEBITOS,concluida,,,,,,,100.0,0,,2026-05-07 15:40:55
28460,91,2026-03,CONS_ICMS_ST,CONS_ICMS_ST,concluida,,,,,,,100.0,0,,2026-05-07 15:40:56
28461,91,2026-03,PUXAR_NF_SAIDA,PUXAR_NF_SAIDA,concluida,,,,,,,100.0,0,,2026-05-07 15:40:57
28462,91,2026-03,GUIA_PREF,GUIA_PREF,concluida,,,,,,,100.0,0,,2026-05-07 15:40:53
44425,91,2026-03,OUTRA,OUTRA,concluida,,,,,,,100.0,0,,2026-05-07 15:40:59
4535,64,2026-03,REL_MEI,REL_MEI,concluida,,,,,,,100.0,0,,2026-05-07 13:04:49
4536,64,2026-03,PEDIR_INFOS,PEDIR_INFOS,concluida,,,,,,,100.0,0,,2026-05-04 13:39:57
4537,64,2026-03,REL_DEBITOS,REL_DEBITOS,concluida,,,,,,,100.0,0,,2026-05-07 13:04:57
4725,64,2026-03,GUIA_MEI,GUIA_MEI,concluida,,,,,,,100.0,0,,2026-05-04 13:39:57
12856,64,2026-03,APUR_SIMPLES,APUR_SIMPLES,concluida,,,,,,,100.0,0,,2026-05-04 13:39:57
12861,64,2026-03,CONS_ICMS_ST,CONS_ICMS_ST,concluida,,,,,,,100.0,0,,2026-05-07 13:04:59
12862,64,2026-03,PUXAR_NF_SAIDA,PUXAR_NF_SAIDA,concluida,,,,,,,100.0,0,,2026-05-07 13:05:02
12863,64,2026-03,GUIA_PREF,GUIA_PREF,concluida,,,,,,,100.0,0,,2026-05-07 13:04:55
4577,85,2026-03,REL_DEBITOS,REL_DEBITOS,concluida,,,,,,,100.0,0,,2026-05-06 13:42:44
24670,85,2026-03,PUXAR_NF_SAIDA,PUXAR_NF_SAIDA,concluida,,,,,,,100.0,0,,2026-05-06 13:42:44
32108,85,2026-03,PEDIR_INFOS,PEDIR_INFOS,concluida,,,,,,,100.0,0,,2026-05-04 13:39:59
32111,85,2026-03,GUIA_PREF,GUIA_PREF,concluida,,,,,,,100.0,0,,2026-05-06 13:42:44
32112,85,2026-03,PARC_IMPOSTOS,PARC_IMPOSTOS,concluida,,,,,,,100.0,0,,2026-05-06 13:42:44
4580,82,2026-03,APUR_SIMPLES,APUR_SIMPLES,concluida,,,,[Responsável: Edivan],,,100.0,0,,2026-05-04 13:39:59
4581,82,2026-03,GUIA_PREF,GUIA_PREF,concluida,,,,,,,100.0,0,,2026-05-07 20:05:52
13240,82,2026-03,EXEC_FOLHA,EXEC_FOLHA,concluida,,,,,,,100.0,0,,2026-05-04 13:39:59
13241,82,2026-03,GUIA_INSS,GUIA_INSS,concluida,,,,,,,100.0,0,,2026-05-04 13:39:59
24668,82,2026-03,PUXAR_NF_SAIDA,PUXAR_NF_SAIDA,concluida,,,,,,,100.0,0,,2026-05-07 20:05:54
12864,68,2026-03,COBRAR_HONORARIOS,COBRAR_HONORARIOS,concluida,,,,,,,100.0,0,,2026-05-11 11:29:50
4584,81,2026-03,GUIA_PREF,GUIA_PREF,concluida,,,,,,,100.0,0,,2026-05-11 11:28:43
4585,81,2026-03,REL_DEBITOS,REL_DEBITOS,concluida,,,,"Compromissos 58047884000110 (E) / 60103160000198 (O)
> 26/01 - 30$ Parcelamento 2025 1/60

> 20/01 - Imposto ✅

4,81% de imposto

> 20/10 - 82$ MEI Orpheo⚠️
> 20/11 - 82$ MEI Orpheo⚠️
> 20/12 - 82$ MEI Orpheo⚠️
> 20/01 - 82$ MEI Orpheo⚠️

> 30/12 - 250$ Honorários✅

🔰 Reajuste Honorários jan/26 --> 👉🏽 300$ (até junho) e 350$ apartir de julho/26
🔰 Orpheo Faturamento: 7,0 + 3,2 + 8,3 + 4,5 + 9,1 (ago) + 3,5 (out) = = 35,6 mil ~ 47,4 mil (média geral)

A PARTIR DE AGORA, EMITIR NF DE TODAS AS VENDAS",,,100.0,0,,2026-05-11 11:28:43
24667,81,2026-03,PUXAR_NF_SAIDA,PUXAR_NF_SAIDA,concluida,,,,,,,100.0,0,,2026-05-11 11:28:43
28384,81,2026-03,PEDIR_INFOS,PEDIR_INFOS,concluida,,,,,,,100.0,0,,2026-04-08 14:09:34
44407,81,2026-03,OUTRA,OUTRA,concluida,,,,,,,100.0,0,,2026-05-11 11:28:43
31210,96,2026-03,PARC_MENSAL,PARC_MENSAL,concluida,,,,,,,100.0,0,,2026-05-11 11:29:58
31211,96,2026-03,OUTRA,OUTRA,concluida,,,,,,,100.0,0,,2026-05-11 11:29:58
4507,56,2026-03,GUIA_MEI,GUIA_MEI,concluida,,,,,,,100.0,0,,2026-05-04 13:39:57
4509,56,2026-03,REL_DEBITOS,REL_DEBITOS,concluida,,,,,,,100.0,0,,2026-05-06 13:34:24
4512,56,2026-03,REL_MEI,REL_MEI,concluida,,,,,,,100.0,0,,2026-05-06 13:34:23
4513,56,2026-03,PEDIR_INFOS,PEDIR_INFOS,concluida,,,,,,,100.0,0,,2026-05-04 13:39:57
29755,74,2026-03,OUTRA,OUTRA,concluida,,,,,,,100.0,0,,2026-05-11 11:27:52
12910,86,2026-03,OUTRA,OUTRA,concluida,,,,,,,100.0,0,,2026-05-07 15:08:10
53675,97,2026-03,PEDIR_INFOS,PEDIR_INFOS,concluida,,,,,,,100.0,0,,2026-05-04 13:40:00
53676,97,2026-03,APUR_SIMPLES,APUR_SIMPLES,concluida,,,,,,,100.0,0,,2026-05-04 13:40:00
53677,97,2026-03,GUIA_PREF,GUIA_PREF,concluida,,,,,,,100.0,0,,2026-05-07 13:13:32
53678,97,2026-03,REL_DEBITOS,REL_DEBITOS,concluida,,,,,,,100.0,0,,2026-05-07 13:13:37
53679,97,2026-03,PUXAR_NF_SAIDA,PUXAR_NF_SAIDA,concluida,,,,,,,100.0,0,,2026-05-07 13:13:39
53680,97,2026-03,EMISSAO_NF,EMISSAO_NF,concluida,,,,,,,100.0,0,,2026-05-07 13:13:40
53681,97,2026-03,COBRAR_HONORARIOS,COBRAR_HONORARIOS,concluida,,,,,,,100.0,0,,2026-05-07 13:13:41
4514,53,2026-03,GUIA_MEI,GUIA_MEI,concluida,,,,,,,100.0,0,,2026-05-04 13:39:57
36089,53,2026-03,REL_MEI,REL_MEI,concluida,,,,,,,100.0,0,,2026-05-11 11:28:59
12909,83,2026-03,COBRAR_HONORARIOS,COBRAR_HONORARIOS,concluida,,,,,,,100.0,0,,2026-05-11 11:26:56
24669,83,2026-03,PUXAR_NF_SAIDA,PUXAR_NF_SAIDA,concluida,,,,,,,100.0,0,,2026-05-11 11:26:56
34553,84,2026-03,OUTRA,OUTRA,concluida,,,,,,,100.0,0,,2026-05-11 11:30:56
12920,93,2026-03,ENV_PARC_SIMPLES,ENV_PARC_SIMPLES,concluida,,,,,,,100.0,0,,2026-05-11 11:30:22
29135,95,2026-03,OUTRA,OUTRA,concluida,,,,,,,100.0,0,,2026-05-11 11:28:20
34571,95,2026-03,PUXAR_NF_SAIDA,PUXAR_NF_SAIDA,concluida,,,,,,,100.0,0,,2026-05-11 11:28:20
4503,46,2026-03,GUIA_MEI,GUIA_MEI,concluida,,,,,,,100.0,0,,2026-05-04 13:39:57
4504,46,2026-03,REL_MEI,REL_MEI,concluida,,,,,,,100.0,0,,2026-05-06 17:27:31
4505,46,2026-03,PEDIR_INFOS,PEDIR_INFOS,concluida,,,,,,,100.0,0,,2026-05-04 13:39:57
4506,46,2026-03,REL_DEBITOS,REL_DEBITOS,concluida,,,,,,,100.0,0,,2026-05-06 17:27:33
25122,59,2026-03,OUTRA,OUTRA,concluida,,,,,,,100.0,0,,2026-05-11 11:27:28
35412,59,2026-03,COBRAR_HONORARIOS,COBRAR_HONORARIOS,concluida,,,,,,,100.0,0,,2026-05-11 11:27:28
4659,52,2026-03,GUIA_MEI,GUIA_MEI,concluida,,,,,,,100.0,0,,2026-05-04 13:39:56
4428,67,2026-03,GUIA_MEI,GUIA_MEI,concluida,,,,,,,100.0,0,,2026-05-04 13:39:55
4429,67,2026-03,REL_MEI,REL_MEI,concluida,,,,,,,100.0,0,,2026-05-11 11:30:32
4430,67,2026-03,PEDIR_INFOS,PEDIR_INFOS,concluida,,,,,,,100.0,0,,2026-04-08 12:14:15
4431,67,2026-03,REL_DEBITOS,REL_DEBITOS,concluida,,,,,,,100.0,0,,2026-05-11 11:30:32
12789,67,2026-03,ENV_PARC_SIMPLES,ENV_PARC_SIMPLES,concluida,,,,,,,100.0,0,,2026-05-11 11:30:32
4598,77,2026-03,GUIA_PREF,GUIA_PREF,concluida,,,,,,,100.0,0,,2026-05-04 15:13:03
4599,77,2026-03,REL_DEBITOS,REL_DEBITOS,concluida,,,,,,,100.0,0,,2026-05-04 15:13:07
12911,77,2026-03,PEDIR_INFOS,PEDIR_INFOS,concluida,,,,,,,100.0,0,,2026-05-04 13:40:00
12912,77,2026-03,ENV_PARC_SIMPLES,ENV_PARC_SIMPLES,concluida,,,,,,,100.0,0,,2026-05-04 15:13:02
12914,77,2026-03,PUXAR_NF_SAIDA,PUXAR_NF_SAIDA,concluida,,,,,,,100.0,0,,2026-05-04 15:13:08
12916,77,2026-03,COBRAR_HONORARIOS,COBRAR_HONORARIOS,concluida,,,,,,,100.0,0,,2026-05-04 15:13:10
12918,77,2026-03,PARC_MENSAL,PARC_MENSAL,concluida,,,,,,,100.0,0,,2026-05-04 15:13:11
12919,77,2026-03,PARC_IMPOSTOS,PARC_IMPOSTOS,concluida,,,,,,,100.0,0,,2026-05-04 15:13:13
28029,77,2026-03,APUR_ISS,APUR_ISS,concluida,,,,,,,100.0,0,,2026-05-04 13:40:00
45406,77,2026-03,EXEC_FOLHA,EXEC_FOLHA,concluida,,,,,,,100.0,0,,2026-05-04 13:40:00
45407,77,2026-03,ENV_CONTRACHEQUES,ENV_CONTRACHEQUES,concluida,,,,[Responsável: Escritório (Vitor)],,,100.0,0,,2026-05-04 13:40:00
45408,77,2026-03,GUIA_INSS,GUIA_INSS,concluida,,,,[Responsável: Escritório (Vitor)],,,100.0,0,,2026-05-04 13:40:00
45409,77,2026-03,GUIA_FGTS,GUIA_FGTS,concluida,,,,[Responsável: Escritório (Vitor)],,,100.0,0,,2026-05-04 13:40:00
4520,54,2026-03,OUTRA,OUTRA,concluida,,,,,,,100.0,0,,2026-05-07 14:39:10
34829,54,2026-03,REL_MEI,REL_MEI,concluida,,,,,,,100.0,0,,2026-05-07 14:39:11
4459,55,2026-03,GUIA_MEI,GUIA_MEI,concluida,,,,,,,100.0,0,,2026-05-04 13:39:56
4460,55,2026-03,REL_MEI,REL_MEI,concluida,,,,,,,100.0,0,,2026-05-07 14:16:43
4461,55,2026-03,PEDIR_INFOS,PEDIR_INFOS,concluida,,,,,,,100.0,0,,2026-05-04 13:39:55
4462,55,2026-03,REL_DEBITOS,REL_DEBITOS,concluida,,,,,,,100.0,0,,2026-05-07 14:16:44
4542,61,2026-03,GUIA_MEI,GUIA_MEI,concluida,,,,,,,100.0,0,,2026-05-04 13:39:58
4544,61,2026-03,REL_MEI,REL_MEI,concluida,,,,,,,100.0,0,,2026-05-06 16:29:13
4545,61,2026-03,PEDIR_INFOS,PEDIR_INFOS,concluida,,,,,,,100.0,0,,2026-05-04 13:39:58
4546,61,2026-03,REL_DEBITOS,REL_DEBITOS,concluida,,,,,,,100.0,0,,2026-05-06 17:25:10
4445,47,2026-03,GUIA_MEI,GUIA_MEI,concluida,,,,,,,100.0,0,,2026-05-04 13:39:55
4446,47,2026-03,EXEC_FOLHA,EXEC_FOLHA,concluida,,,,,,,100.0,0,,2026-05-04 13:39:55
4447,47,2026-03,ENV_CONTRACHEQUES,ENV_CONTRACHEQUES,concluida,,,,,,,100.0,0,,2026-05-04 13:39:55
4448,47,2026-03,PEDIR_INFOS,PEDIR_INFOS,concluida,,,,,,,100.0,0,,2026-05-04 13:39:55
4449,47,2026-03,REL_MEI,REL_MEI,concluida,,,,,,,100.0,0,,2026-05-04 14:37:03
4450,47,2026-03,REL_DEBITOS,REL_DEBITOS,concluida,,,,,,,100.0,0,,2026-05-04 14:37:05
4451,47,2026-03,GUIA_INSS,GUIA_INSS,concluida,,,,,,,100.0,0,,2026-05-04 13:39:55
12799,44,2026-03,OUTRA,OUTRA,concluida,,,,,,,100.0,0,,2026-05-07 14:39:42
36306,44,2026-03,REL_MEI,REL_MEI,concluida,,,,,,,100.0,0,,2026-05-07 14:39:57
24672,94,2026-03,PUXAR_NF_SAIDA,PUXAR_NF_SAIDA,concluida,,,,,,,100.0,0,,2026-05-07 15:30:12
28673,94,2026-03,APUR_SIMPLES,APUR_SIMPLES,concluida,,,,,,,100.0,0,,2026-05-04 13:40:01
4571,75,2026-03,APUR_SIMPLES,APUR_SIMPLES,concluida,,,,,,,100.0,0,,2026-05-04 13:39:59
4572,75,2026-03,GUIA_PREF,GUIA_PREF,concluida,,,,,,,100.0,0,,2026-05-04 13:39:59
4573,75,2026-03,REL_DEBITOS,REL_DEBITOS,concluida,,,,,,,100.0,0,,2026-05-04 15:29:28
34507,75,2026-03,PUXAR_NF_SAIDA,PUXAR_NF_SAIDA,concluida,,,,,,,100.0,0,,2026-05-04 13:39:59
42624,75,2026-03,PEDIR_INFOS,PEDIR_INFOS,concluida,,,,,,,100.0,0,,2026-05-04 13:39:59
4493,50,2026-03,GUIA_MEI,GUIA_MEI,concluida,,,,,,,100.0,0,,2026-05-04 13:39:56
4496,50,2026-03,REL_MEI,REL_MEI,concluida,,,,,,,100.0,0,,2026-05-06 13:26:47
4497,50,2026-03,PEDIR_INFOS,PEDIR_INFOS,concluida,,,,,,,100.0,0,,2026-05-04 13:39:56
4498,50,2026-03,REL_DEBITOS,REL_DEBITOS,concluida,,,,,,,100.0,0,,2026-05-06 13:26:49
4480,79,2026-03,APUR_SIMPLES,APUR_SIMPLES,concluida,,,,,,,100.0,0,,2026-05-04 13:39:56
4481,79,2026-03,EXEC_FOLHA,EXEC_FOLHA,concluida,,,,,,,100.0,0,,2026-05-04 13:39:56
4482,79,2026-03,GUIA_PREF,GUIA_PREF,concluida,,,,,,,100.0,0,,2026-05-04 14:28:37
4483,79,2026-03,ENV_CONTRACHEQUES,ENV_CONTRACHEQUES,concluida,,,,,,,100.0,0,,2026-05-04 13:39:56
4484,79,2026-03,GUIA_INSS,GUIA_INSS,concluida,,,,,,,100.0,0,,2026-05-04 13:39:56
4485,79,2026-03,REL_DEBITOS,REL_DEBITOS,concluida,,,,,,,100.0,0,,2026-05-04 14:28:39
24666,79,2026-03,PUXAR_NF_SAIDA,PUXAR_NF_SAIDA,concluida,,,,,,,100.0,0,,2026-05-04 14:28:42
24671,88,2026-03,PUXAR_NF_SAIDA,PUXAR_NF_SAIDA,concluida,,,,,,,100.0,0,,2026-05-11 11:29:31
42344,88,2026-03,APUR_SIMPLES,APUR_SIMPLES,concluida,,,,,,,100.0,0,,2026-05-11 11:29:31
42345,88,2026-03,GUIA_PREF,GUIA_PREF,concluida,,,,,,,100.0,0,,2026-05-11 11:29:31
42346,88,2026-03,REL_DEBITOS,REL_DEBITOS,concluida,,,,,,,100.0,0,,2026-05-11 11:29:31
34467,66,2026-03,EXEC_FOLHA,EXEC_FOLHA,concluida,,,,,,,100.0,0,,2026-04-03 07:42:46
4531,57,2026-03,REL_MEI,REL_MEI,concluida,,,,,,,100.0,0,,2026-05-07 13:12:10
4532,57,2026-03,PEDIR_INFOS,PEDIR_INFOS,concluida,,,,,,,100.0,0,,2026-05-04 13:39:57
4533,57,2026-03,GUIA_MEI,GUIA_MEI,concluida,,,,,,,100.0,0,,2026-05-04 13:39:57
4716,57,2026-03,REL_DEBITOS,REL_DEBITOS,concluida,,,,,,,100.0,0,,2026-05-07 13:12:12
30621,60,2026-03,OUTRA,OUTRA,concluida,,,,,,,100.0,0,,2026-05-07 14:44:13
4600,72,2026-03,APUR_SIMPLES,APUR_SIMPLES,concluida,,,,[Responsável: Edivan],,,100.0,0,,2026-05-04 13:40:01
4601,72,2026-03,REL_DEBITOS,REL_DEBITOS,concluida,,,,,,,100.0,0,,2026-05-07 15:24:07
4604,72,2026-03,GUIA_PREF,GUIA_PREF,concluida,,,,,,,100.0,0,,2026-05-07 15:24:06
24662,72,2026-03,PUXAR_NF_SAIDA,PUXAR_NF_SAIDA,concluida,,,,,,,100.0,0,,2026-05-07 15:24:09
12807,45,2026-03,COBRAR_HONORARIOS,COBRAR_HONORARIOS,concluida,,,,,,,100.0,0,,2026-05-11 11:26:21
12808,45,2026-03,OUTRA,OUTRA,concluida,,,,,,,100.0,0,,2026-05-11 11:26:21
4436,51,2026-03,GUIA_MEI,GUIA_MEI,concluida,,,,,,,100.0,0,,2026-05-04 13:39:55
4437,51,2026-03,REL_MEI,REL_MEI,concluida,,,,,,,100.0,0,,2026-05-07 13:06:26
4438,51,2026-03,PEDIR_INFOS,PEDIR_INFOS,concluida,,,,,,,100.0,0,,2026-05-04 13:39:55
4463,71,2026-03,APUR_SIMPLES,APUR_SIMPLES,concluida,,,,[Responsável: Edivan],,,100.0,0,,2026-05-04 13:39:56
4464,71,2026-03,GUIA_PREF,GUIA_PREF,concluida,,,,,,,100.0,0,,2026-05-04 13:39:56
4465,71,2026-03,REL_DEBITOS,REL_DEBITOS,concluida,,,,,,,100.0,0,,2026-05-04 13:39:56
4468,71,2026-03,ENV_CONTRACHEQUES,ENV_CONTRACHEQUES,concluida,,,,,,,100.0,0,,2026-05-04 13:39:56
4469,71,2026-03,GUIA_INSS,GUIA_INSS,concluida,,,,,,,100.0,0,,2026-05-04 13:39:56
13608,71,2026-03,EXEC_FOLHA,EXEC_FOLHA,concluida,,,,,,,100.0,0,,2026-05-04 13:39:56
24661,71,2026-03,PUXAR_NF_SAIDA,PUXAR_NF_SAIDA,concluida,,,,,,,100.0,0,,2026-05-04 13:39:56
757,62,2026-02,GUIA_MEI,GUIA_MEI,concluida,,,,,,,100.0,0,,2026-03-20 15:14:52
758,62,2026-02,REL_MEI,REL_MEI,concluida,,,,,,,100.0,0,,2026-03-20 15:14:52
759,62,2026-02,PEDIR_INFOS,PEDIR_INFOS,concluida,,,,,,,100.0,0,,2026-03-20 15:14:52
760,62,2026-02,REL_DEBITOS,REL_DEBITOS,concluida,,,,,,,100.0,0,,2026-04-16 13:53:42
14425,76,2026-02,OUTRA,OUTRA,concluida,,,,,,,100.0,0,,2026-04-16 13:58:15
1026,69,2026-02,APUR_SIMPLES,APUR_SIMPLES,concluida,,,,,,,100.0,0,,2026-03-09 09:44:47
1027,69,2026-02,EXEC_FOLHA,EXEC_FOLHA,concluida,,,,,,,100.0,0,,2026-03-05 11:54:37
1028,69,2026-02,GUIA_PREF,GUIA_PREF,concluida,,,,,,,100.0,0,,2026-04-02 22:10:56
1029,69,2026-02,ENV_CONTRACHEQUES,ENV_CONTRACHEQUES,concluida,,,,,,,100.0,0,,2026-03-03 15:23:05
1030,69,2026-02,GUIA_INSS,GUIA_INSS,concluida,,,,,,,100.0,0,,2026-03-03 15:27:37
1031,69,2026-02,REL_DEBITOS,REL_DEBITOS,concluida,,,,,,,100.0,0,,2026-03-16 14:44:54
1019,78,2026-02,APUR_SIMPLES,APUR_SIMPLES,concluida,,,,,,,100.0,0,,2026-03-20 15:14:54
1020,78,2026-02,EXEC_FOLHA,EXEC_FOLHA,concluida,,,,,,,100.0,0,,2026-03-20 15:14:54
1021,78,2026-02,GUIA_PREF,GUIA_PREF,concluida,,,,,,,100.0,0,,2026-04-02 22:07:33
1022,78,2026-02,ENV_CONTRACHEQUES,ENV_CONTRACHEQUES,concluida,,,,,,,100.0,0,,2026-03-20 15:14:54
1023,78,2026-02,GUIA_INSS,GUIA_INSS,concluida,,,,,,,100.0,0,,2026-03-20 15:14:54
1024,78,2026-02,GUIA_FGTS,GUIA_FGTS,concluida,,,,,,,100.0,0,,2026-03-20 15:14:54
1025,78,2026-02,REL_DEBITOS,REL_DEBITOS,concluida,,,,,,,100.0,0,,2026-03-20 15:14:54
4223,78,2026-02,GUIA_FGTS_PARC,GUIA_FGTS_PARC,concluida,,,,,,,100.0,0,,2026-03-20 15:14:54
24651,78,2026-02,PUXAR_NF_SAIDA,PUXAR_NF_SAIDA,concluida,,,,,,,100.0,0,,2026-04-16 15:14:59
36879,78,2026-02,ENV_PARC_SIMPLES,ENV_PARC_SIMPLES,concluida,,,,,,,100.0,0,,2026-03-20 15:14:54
1032,73,2026-02,APUR_SIMPLES,APUR_SIMPLES,concluida,,,,,,,100.0,0,,2026-03-20 15:14:54
1033,73,2026-02,EXEC_FOLHA,EXEC_FOLHA,concluida,,,,,,,100.0,0,,2026-03-20 15:14:54
1034,73,2026-02,GUIA_PREF,GUIA_PREF,concluida,,,,,,,100.0,0,,2026-04-02 22:05:00
1035,73,2026-02,ENV_CONTRACHEQUES,ENV_CONTRACHEQUES,concluida,,,,,,,100.0,0,,2026-03-20 15:14:54
1036,73,2026-02,GUIA_INSS,GUIA_INSS,concluida,,,,,,,100.0,0,,2026-03-20 15:14:54
1037,73,2026-02,REL_DEBITOS,REL_DEBITOS,concluida,,,,,,,100.0,0,,2026-03-20 15:14:54
24649,73,2026-02,PUXAR_NF_SAIDA,PUXAR_NF_SAIDA,concluida,,,,,,,100.0,0,,2026-04-16 16:39:19
1015,65,2026-02,GUIA_MEI,GUIA_MEI,concluida,,,,,,,100.0,0,,2026-03-20 15:14:54
1016,65,2026-02,REL_MEI,REL_MEI,concluida,,,,,,,100.0,0,,2026-03-20 15:14:54
1017,65,2026-02,PEDIR_INFOS,PEDIR_INFOS,concluida,,,,,,,100.0,0,,2026-03-20 15:14:54
1018,65,2026-02,REL_DEBITOS,REL_DEBITOS,concluida,,,,,,,100.0,0,,2026-03-20 15:14:54
672,63,2026-02,GUIA_MEI,GUIA_MEI,concluida,,,,,,,100.0,0,,2026-03-20 15:14:51
673,63,2026-02,PARC_IMPOSTOS,PARC_IMPOSTOS,concluida,,,,,,,100.0,0,,2026-04-16 16:46:55
674,63,2026-02,REL_MEI,REL_MEI,concluida,,,,,,,100.0,0,,2026-03-20 15:14:51
676,63,2026-02,ENV_PARC_SIMPLES,ENV_PARC_SIMPLES,concluida,,,,,,,100.0,0,,2026-03-11 15:39:36
677,63,2026-02,PEDIR_INFOS,PEDIR_INFOS,concluida,,,,,,,100.0,0,,2026-03-11 15:25:11
678,63,2026-02,REL_DEBITOS,REL_DEBITOS,concluida,,,,,,,100.0,0,,2026-04-16 16:46:57
36785,63,2026-02,PARC_MENSAL,PARC_MENSAL,concluida,,,,,,,100.0,0,,2026-04-16 16:46:36
1041,49,2026-02,GUIA_MEI,GUIA_MEI,concluida,,,,,,,100.0,0,,2026-03-10 17:01:00
1042,49,2026-02,GUIA_INSS,GUIA_INSS,concluida,,,,,,,100.0,0,,2026-03-03 15:26:12
1043,49,2026-02,ENV_PARC_SIMPLES,ENV_PARC_SIMPLES,concluida,,,,,,,100.0,0,,2026-03-11 15:39:42
1044,49,2026-02,REL_MEI,REL_MEI,concluida,,,,,,,100.0,0,,2026-03-12 12:39:13
1045,49,2026-02,PEDIR_INFOS,PEDIR_INFOS,concluida,,,,,,,100.0,0,,2026-03-05 12:51:48
1046,49,2026-02,REL_DEBITOS,REL_DEBITOS,concluida,,,,,,,100.0,0,,2026-03-16 14:32:44
664,48,2026-02,GUIA_MEI,GUIA_MEI,concluida,,,,,,,100.0,0,,2026-03-10 17:01:40
665,48,2026-02,PARC_IMPOSTOS,PARC_IMPOSTOS,concluida,,,,,,,100.0,0,,2026-04-16 16:54:08
666,48,2026-02,REL_MEI,REL_MEI,concluida,,,,,,,100.0,0,,2026-03-11 16:17:45
668,48,2026-02,ENV_PARC_SIMPLES,ENV_PARC_SIMPLES,concluida,,,,,,,100.0,0,,2026-03-11 15:42:35
670,48,2026-02,PEDIR_INFOS,PEDIR_INFOS,concluida,,,,,,,100.0,0,,2026-03-05 13:12:38
671,48,2026-02,REL_DEBITOS,REL_DEBITOS,concluida,,,,,,,100.0,0,,2026-04-16 16:58:54
14324,48,2026-02,COBRAR_HONORARIOS,COBRAR_HONORARIOS,concluida,,,,,,,100.0,0,,2026-04-16 16:59:05
24645,48,2026-02,PUXAR_NF_SAIDA,PUXAR_NF_SAIDA,concluida,,,,,,,100.0,0,,2026-04-16 16:59:09
1047,80,2026-02,APUR_SIMPLES,APUR_SIMPLES,concluida,,,,[Responsável: Jéssica],,,100.0,0,,2026-03-10 15:14:28
1048,80,2026-02,EXEC_FOLHA,EXEC_FOLHA,concluida,,,,,,,100.0,0,,2026-03-20 15:14:55
1049,80,2026-02,PARC_IMPOSTOS,PARC_IMPOSTOS,concluida,,,,,,,100.0,0,,2026-04-16 16:59:13
1050,80,2026-02,REL_DEBITOS,REL_DEBITOS,concluida,,,,,,,100.0,0,,2026-03-16 14:36:54
1051,80,2026-02,CONS_ICMS_ST,CONS_ICMS_ST,concluida,,,,,,,100.0,0,,2026-04-16 16:59:14
1052,80,2026-02,ENV_PARC_SIMPLES,ENV_PARC_SIMPLES,concluida,,,,[Responsável: Jéssica],,,100.0,0,,2026-03-11 15:42:29
1053,80,2026-02,GUIA_PREF,GUIA_PREF,concluida,,,,,,,100.0,0,,2026-04-02 22:10:04
1054,80,2026-02,ENV_CONTRACHEQUES,ENV_CONTRACHEQUES,concluida,,,,,,,100.0,0,,2026-03-20 15:14:55
1055,80,2026-02,GUIA_INSS,GUIA_INSS,concluida,,,,,,,100.0,0,,2026-03-20 15:14:55
1056,80,2026-02,GUIA_FGTS,GUIA_FGTS,concluida,,,,,,,100.0,0,,2026-03-20 15:14:55
4224,80,2026-02,GUIA_FGTS_PARC,GUIA_FGTS_PARC,concluida,,,,,,,100.0,0,,2026-03-20 15:14:55
40751,80,2026-02,PUXAR_NF_SAIDA,PUXAR_NF_SAIDA,concluida,,,,,,,100.0,0,,2026-04-16 17:41:06
1057,70,2026-02,APUR_SIMPLES,APUR_SIMPLES,concluida,,,,,,,100.0,0,,2026-03-20 15:14:55
1058,70,2026-02,GUIA_PREF,GUIA_PREF,concluida,,,,,,,100.0,0,,2026-04-02 22:26:30
1059,70,2026-02,REL_DEBITOS,REL_DEBITOS,concluida,,,,"COMPROMISSOS MAR/26 58859439000154 (C) 24587847000182 (E)
> 20/12 - 270$ Honorários pago 05/01 ✅
> 20/01 - 270$ Honorários⚠
> 20/02 - 270$ Honorários⚠

> 30/09 - 236$ Par.Elenise 10/12 (ECAC/CNPJ/SISPAR)
> 30/10 - 236$ Par.Elenise 11/12 (ECAC/CNPJ/SISPAR)
> 30/11 - 236$ Par.Elenise 12/12 (ECAC/CNPJ/SISPAR)*
#parcelamento expirado
#débito total = 20.367,37

> 20/12 - 1.198$ Imposto
> 20/01 - 1.600$ Imposto
> 20/02 - 1.741$ Imposto
> 20/02 - ???$ Imposto

> 27/02 - ???$ Parc.Simples*
> 27/02 - ???$ Parc.Simples*
#sistema off

🔰 Honorários 270$ (out25/mar26)
🔰 Chave PIX: 82988299726 Decessars
🔰 Elenise: 70403170443 Mercado@23 (possui outros débitos, mas está sendo reslovido um por um)
🔰 Poral do Contribuinte: 24142860 cC@50131
💰 Alíquota impostos: 5,59% do faturamento",,,100.0,0,,2026-04-02 22:25:40
14436,70,2026-02,ENV_PARC_SIMPLES,ENV_PARC_SIMPLES,concluida,,,,,,,100.0,0,,2026-03-20 15:14:55
24646,70,2026-02,PUXAR_NF_SAIDA,PUXAR_NF_SAIDA,concluida,,,,,,,100.0,0,,2026-04-30 15:37:57
744,58,2026-02,GUIA_MEI,GUIA_MEI,concluida,,,,,,,100.0,0,,2026-03-10 17:00:32
745,58,2026-02,REL_DEBITOS,REL_DEBITOS,concluida,,,,,,,100.0,0,,2026-05-11 11:25:59
746,58,2026-02,CONS_ICMS_ST,CONS_ICMS_ST,concluida,,,,,,,100.0,0,,2026-05-11 11:25:59
747,58,2026-02,ENV_PARC_SIMPLES,ENV_PARC_SIMPLES,concluida,,,,,,,100.0,0,,2026-03-11 15:46:30
748,58,2026-02,REL_MEI,REL_MEI,concluida,,,,,,,100.0,0,,2026-03-12 12:40:29
750,58,2026-02,PEDIR_INFOS,PEDIR_INFOS,concluida,,,,,,,100.0,0,,2026-03-09 09:08:10
28518,58,2026-02,EMISSAO_NF,EMISSAO_NF,concluida,,,,,,,100.0,0,,2026-05-11 11:25:59
28519,58,2026-02,OUTRA,OUTRA,concluida,,,,,,,100.0,0,,2026-05-11 11:25:59
28610,91,2026-02,PEDIR_INFOS,PEDIR_INFOS,concluida,,,,,,,100.0,0,,2026-03-20 15:14:56
28611,91,2026-02,APUR_SIMPLES,APUR_SIMPLES,concluida,,,,,,,100.0,0,,2026-03-20 15:14:56
28612,91,2026-02,GUIA_MEI,GUIA_MEI,concluida,,,,,,,100.0,0,,2026-03-20 15:14:56
28613,91,2026-02,REL_DEBITOS,REL_DEBITOS,concluida,,,,,,,100.0,0,,2026-04-02 22:25:41
28614,91,2026-02,CONS_ICMS_ST,CONS_ICMS_ST,concluida,,,,,,,100.0,0,,2026-05-07 15:38:17
28615,91,2026-02,PUXAR_NF_SAIDA,PUXAR_NF_SAIDA,concluida,,,,,,,100.0,0,,2026-05-07 15:38:18
28616,91,2026-02,GUIA_PREF,GUIA_PREF,concluida,,,,,,,100.0,0,,2026-04-02 22:11:14
794,64,2026-02,EXEC_FOLHA,EXEC_FOLHA,concluida,,,,,,,100.0,0,,2026-03-03 11:59:30
796,64,2026-02,GUIA_MEI,GUIA_MEI,concluida,,,,,,,100.0,0,,2026-03-20 15:14:53
798,64,2026-02,REL_MEI,REL_MEI,concluida,,,,,,,100.0,0,,2026-03-20 15:14:53
799,64,2026-02,PEDIR_INFOS,PEDIR_INFOS,concluida,,,,,,,100.0,0,,2026-03-20 15:14:53
800,64,2026-02,REL_DEBITOS,REL_DEBITOS,concluida,,,,,,,100.0,0,,2026-04-02 22:25:36
14400,64,2026-02,APUR_SIMPLES,APUR_SIMPLES,concluida,,,,,,,100.0,0,,2026-03-20 15:14:53
14405,64,2026-02,CONS_ICMS_ST,CONS_ICMS_ST,concluida,,,,,,,100.0,0,,2026-05-07 13:03:17
14406,64,2026-02,PUXAR_NF_SAIDA,PUXAR_NF_SAIDA,concluida,,,,,,,100.0,0,,2026-05-07 13:03:21
14407,64,2026-02,GUIA_PREF,GUIA_PREF,concluida,,,,,,,100.0,0,,2026-04-02 22:22:08
1060,85,2026-02,REL_DEBITOS,REL_DEBITOS,concluida,,,,,,,100.0,0,,2026-05-06 13:42:44
1061,85,2026-02,CONS_ICMS_ST,CONS_ICMS_ST,concluida,,,,,,,100.0,0,,2026-05-06 13:42:44
1062,85,2026-02,ENV_PARC_SIMPLES,ENV_PARC_SIMPLES,concluida,,,,,,,100.0,0,,2026-03-11 15:42:16
24656,85,2026-02,PUXAR_NF_SAIDA,PUXAR_NF_SAIDA,concluida,,,,,,,100.0,0,,2026-05-06 13:42:44
36907,85,2026-02,PEDIR_INFOS,PEDIR_INFOS,concluida,,,,,,,100.0,0,,2026-03-20 15:14:55
36910,85,2026-02,GUIA_PREF,GUIA_PREF,concluida,,,,baixar guia pela INSC IMOB: 187359,,,100.0,0,,2026-04-02 21:59:55
36911,85,2026-02,PARC_IMPOSTOS,PARC_IMPOSTOS,concluida,,,,,,,100.0,0,,2026-05-06 13:42:44
1063,82,2026-02,APUR_SIMPLES,APUR_SIMPLES,concluida,,,,,,,100.0,0,,2026-03-20 15:14:55
1064,82,2026-02,GUIA_PREF,GUIA_PREF,concluida,,,,,,,100.0,0,,2026-04-02 22:03:48
1065,82,2026-02,REL_DEBITOS,REL_DEBITOS,concluida,,,,,,,100.0,0,,2026-05-07 20:05:49
14442,82,2026-02,EXEC_FOLHA,EXEC_FOLHA,concluida,,,,,,,100.0,0,,2026-03-20 15:14:55
14443,82,2026-02,GUIA_INSS,GUIA_INSS,concluida,,,,,,,100.0,0,,2026-03-20 15:14:55
24654,82,2026-02,PUXAR_NF_SAIDA,PUXAR_NF_SAIDA,concluida,,,,,,,100.0,0,,2026-05-07 20:05:50
801,68,2026-02,GUIA_MEI,GUIA_MEI,concluida,,,,,,,100.0,0,,2026-03-10 17:00:35
802,68,2026-02,REL_MEI,REL_MEI,concluida,,,,,,,100.0,0,,2026-03-12 12:40:48
803,68,2026-02,PEDIR_INFOS,PEDIR_INFOS,concluida,,,,,,,100.0,0,,2026-03-05 13:12:52
804,68,2026-02,REL_DEBITOS,REL_DEBITOS,concluida,,,,,,,100.0,0,,2026-03-20 14:55:43
14408,68,2026-02,COBRAR_HONORARIOS,COBRAR_HONORARIOS,concluida,,,,,,,100.0,0,,2026-05-11 11:29:50
1066,81,2026-02,APUR_SIMPLES,APUR_SIMPLES,concluida,,,,,,,100.0,0,,2026-03-11 12:41:06
1067,81,2026-02,GUIA_PREF,GUIA_PREF,concluida,,,,,,,100.0,0,,2026-04-02 22:08:51
1068,81,2026-02,REL_DEBITOS,REL_DEBITOS,concluida,,,,"Compromissos 58047884000110 (E) / 60103160000198 (O)
> 26/01 - 30$ Parcelamento 2025 1/60

> 20/01 - Imposto ✅

4,81% de imposto

> 20/10 - 82$ MEI Orpheo⚠️
> 20/11 - 82$ MEI Orpheo⚠️
> 20/12 - 82$ MEI Orpheo⚠️
> 20/01 - 82$ MEI Orpheo⚠️

> 30/12 - 250$ Honorários✅

🔰 Reajuste Honorários jan/26 --> 👉🏽 300$ (até junho) e 350$ apartir de julho/26
🔰 Orpheo Faturamento: 7,0 + 3,2 + 8,3 + 4,5 + 9,1 (ago) + 3,5 (out) = = 35,6 mil ~ 47,4 mil (média geral)

A PARTIR DE AGORA, EMITIR NF DE TODAS AS VENDAS",,,100.0,0,,2026-04-02 22:25:34
24653,81,2026-02,PUXAR_NF_SAIDA,PUXAR_NF_SAIDA,concluida,,,,,,,100.0,0,,2026-05-11 11:28:43
28590,81,2026-02,PEDIR_INFOS,PEDIR_INFOS,concluida,,,,,,,100.0,0,,2026-03-31 11:39:16
31336,96,2026-02,PARC_MENSAL,PARC_MENSAL,concluida,,,,,,,100.0,0,,2026-05-11 11:29:58
31337,96,2026-02,OUTRA,OUTRA,concluida,,,,,,,100.0,0,,2026-05-11 11:29:58
765,56,2026-02,GUIA_MEI,GUIA_MEI,concluida,,,,,,,100.0,0,,2026-03-20 15:14:53
766,56,2026-02,PUXAR_NF_SAIDA,PUXAR_NF_SAIDA,concluida,,,,,,,100.0,0,,2026-05-06 13:34:22
767,56,2026-02,REL_DEBITOS,REL_DEBITOS,concluida,,,,,,,100.0,0,,2026-04-02 22:25:46
768,56,2026-02,CONS_ICMS_ST,CONS_ICMS_ST,concluida,,,,,,,100.0,0,,2026-05-06 13:34:20
769,56,2026-02,ENV_PARC_SIMPLES,ENV_PARC_SIMPLES,concluida,,,,,,,100.0,0,,2026-03-11 15:47:15
770,56,2026-02,REL_MEI,REL_MEI,concluida,,,,,,,100.0,0,,2026-03-20 15:14:53
771,56,2026-02,PEDIR_INFOS,PEDIR_INFOS,concluida,,,,,,,100.0,0,,2026-03-20 15:14:53
1069,74,2026-02,APUR_SIMPLES,APUR_SIMPLES,concluida,,,,,,,100.0,0,,2026-03-10 15:15:35
1070,74,2026-02,REL_DEBITOS,REL_DEBITOS,concluida,,,,,,,100.0,0,,2026-03-16 14:32:49
1071,74,2026-02,CONS_ICMS_ST,CONS_ICMS_ST,concluida,,,,,,,100.0,0,,2026-05-11 11:27:52
1072,74,2026-02,ENV_PARC_SIMPLES,ENV_PARC_SIMPLES,concluida,,,,,,,100.0,0,,2026-03-11 15:49:09
1073,74,2026-02,GUIA_PREF,GUIA_PREF,concluida,,,,,,,100.0,0,,2026-03-20 15:17:42
24650,74,2026-02,PUXAR_NF_SAIDA,PUXAR_NF_SAIDA,concluida,,,,,,,100.0,0,,2026-05-11 11:27:52
31338,74,2026-02,OUTRA,OUTRA,concluida,,,,,,,100.0,0,,2026-05-11 11:27:52
1077,86,2026-02,REL_DEBITOS,REL_DEBITOS,concluida,,,,,,,100.0,0,,2026-05-07 15:08:06
1078,86,2026-02,CONS_ICMS_ST,CONS_ICMS_ST,concluida,,,,,,,100.0,0,,2026-05-07 15:08:07
1079,86,2026-02,ENV_PARC_SIMPLES,ENV_PARC_SIMPLES,concluida,,,,,,,100.0,0,,2026-03-11 15:49:04
14455,86,2026-02,OUTRA,OUTRA,concluida,,,,,,,100.0,0,,2026-05-07 15:08:10
772,53,2026-02,GUIA_MEI,GUIA_MEI,concluida,,,,,,,100.0,0,,2026-03-20 15:14:53
773,53,2026-02,PUXAR_NF_SAIDA,PUXAR_NF_SAIDA,concluida,,,,,,,100.0,0,,2026-05-11 11:28:59
774,53,2026-02,REL_MEI,REL_MEI,concluida,,,,,,,100.0,0,,2026-03-20 15:14:53
775,53,2026-02,PEDIR_INFOS,PEDIR_INFOS,concluida,,,,,,,100.0,0,,2026-03-06 10:15:43
776,53,2026-02,REL_DEBITOS,REL_DEBITOS,concluida,,,,,,,100.0,0,,2026-03-16 14:32:31
1074,83,2026-02,APUR_SIMPLES,APUR_SIMPLES,concluida,,,,,,,100.0,0,,2026-03-09 09:25:06
1075,83,2026-02,GUIA_PREF,GUIA_PREF,concluida,,,,,,,100.0,0,,2026-04-02 22:01:46
1076,83,2026-02,REL_DEBITOS,REL_DEBITOS,concluida,,,,,,,100.0,0,,2026-05-11 11:26:56
14454,83,2026-02,COBRAR_HONORARIOS,COBRAR_HONORARIOS,concluida,,,,,,,100.0,0,,2026-05-11 11:26:56
24655,83,2026-02,PUXAR_NF_SAIDA,PUXAR_NF_SAIDA,concluida,,,,,,,100.0,0,,2026-05-11 11:26:56
14465,93,2026-02,ENV_PARC_SIMPLES,ENV_PARC_SIMPLES,concluida,,,,,,,100.0,0,,2026-03-20 15:14:57
29304,95,2026-02,OUTRA,OUTRA,concluida,,,,,,,100.0,0,,2026-05-11 11:28:20
36930,95,2026-02,PUXAR_NF_SAIDA,PUXAR_NF_SAIDA,concluida,,,,,,,100.0,0,,2026-05-11 11:28:20
761,46,2026-02,GUIA_MEI,GUIA_MEI,concluida,,,,,,,100.0,0,,2026-03-20 15:14:53
762,46,2026-02,REL_MEI,REL_MEI,concluida,,,,,,,100.0,0,,2026-03-20 15:14:53
763,46,2026-02,PEDIR_INFOS,PEDIR_INFOS,concluida,,,,,,,100.0,0,,2026-03-20 15:14:53
764,46,2026-02,REL_DEBITOS,REL_DEBITOS,concluida,,,,,,,100.0,0,,2026-04-02 22:25:38
14385,46,2026-02,ENV_PARC_SIMPLES,ENV_PARC_SIMPLES,concluida,,,,,,,100.0,0,,2026-03-11 15:44:09
733,59,2026-02,GUIA_MEI,GUIA_MEI,concluida,,,,,,,100.0,0,,2026-03-10 17:01:05
734,59,2026-02,PEDIR_INFOS,PEDIR_INFOS,concluida,,,,,,,100.0,0,,2026-03-05 13:12:44
735,59,2026-02,REL_DEBITOS,REL_DEBITOS,concluida,,,,,,,100.0,0,,2026-05-11 11:27:28
736,59,2026-02,CONS_ICMS_ST,CONS_ICMS_ST,concluida,,,,,,,100.0,0,,2026-05-11 11:27:28
737,59,2026-02,REL_MEI,REL_MEI,concluida,,,,,,,100.0,0,,2026-03-12 12:39:01
14363,59,2026-02,COBRAR_HONORARIOS,COBRAR_HONORARIOS,concluida,,,,,,,100.0,0,,2026-05-11 11:27:28
25795,59,2026-02,OUTRA,OUTRA,concluida,,,,,,,100.0,0,,2026-05-11 11:27:28
726,52,2026-02,GUIA_MEI,GUIA_MEI,concluida,,,,,,,100.0,0,,2026-03-20 15:14:52
727,52,2026-02,GUIA_PREF,GUIA_PREF,concluida,,,,,,,100.0,0,,2026-04-02 22:00:11
728,52,2026-02,REL_DEBITOS,REL_DEBITOS,concluida,,,,,,,100.0,0,,2026-03-20 15:12:51
729,52,2026-02,CONS_ICMS_ST,CONS_ICMS_ST,concluida,,,,,,,100.0,0,,2026-05-11 11:28:07
730,52,2026-02,ENV_PARC_SIMPLES,ENV_PARC_SIMPLES,concluida,,,,,,,100.0,0,,2026-03-11 15:44:01
731,52,2026-02,REL_MEI,REL_MEI,concluida,,,,,,,100.0,0,,2026-03-12 12:39:34
732,52,2026-02,PEDIR_INFOS,PEDIR_INFOS,concluida,,,,,,,100.0,0,,2026-03-09 09:03:23
679,67,2026-02,GUIA_MEI,GUIA_MEI,concluida,,,,,,,100.0,0,,2026-03-20 15:14:51
680,67,2026-02,REL_MEI,REL_MEI,concluida,,,,,,,100.0,0,,2026-03-20 15:14:51
681,67,2026-02,PEDIR_INFOS,PEDIR_INFOS,concluida,,,,,,,100.0,0,,2026-03-20 15:14:51
682,67,2026-02,REL_DEBITOS,REL_DEBITOS,concluida,,,,,,,100.0,0,,2026-04-02 22:25:44
14332,67,2026-02,ENV_PARC_SIMPLES,ENV_PARC_SIMPLES,concluida,,,,,,,100.0,0,,2026-03-20 15:14:51
1080,77,2026-02,APUR_SIMPLES,APUR_SIMPLES,concluida,,,,,,,100.0,0,,2026-03-09 10:22:30
1081,77,2026-02,GUIA_PREF,GUIA_PREF,concluida,,,,,,,100.0,0,,2026-03-31 12:10:48
1082,77,2026-02,REL_DEBITOS,REL_DEBITOS,concluida,,,,,,,100.0,0,,2026-03-20 15:14:56
14456,77,2026-02,PEDIR_INFOS,PEDIR_INFOS,concluida,,,,,,,100.0,0,,2026-03-20 15:14:56
14457,77,2026-02,ENV_PARC_SIMPLES,ENV_PARC_SIMPLES,concluida,,,,,,,100.0,0,,2026-03-20 15:14:56
14459,77,2026-02,PUXAR_NF_SAIDA,PUXAR_NF_SAIDA,concluida,,,,,,,100.0,0,,2026-05-04 15:12:52
14460,77,2026-02,EMISSAO_NF,EMISSAO_NF,concluida,,,,,,,100.0,0,,2026-05-04 15:12:53
14461,77,2026-02,COBRAR_HONORARIOS,COBRAR_HONORARIOS,concluida,,,,,,,100.0,0,,2026-05-04 15:12:55
14463,77,2026-02,PARC_MENSAL,PARC_MENSAL,concluida,,,,,,,100.0,0,,2026-05-04 15:12:56
14464,77,2026-02,PARC_IMPOSTOS,PARC_IMPOSTOS,concluida,,,,,,,100.0,0,,2026-05-04 15:12:57
28602,77,2026-02,APUR_ISS,APUR_ISS,concluida,,,,,,,100.0,0,,2026-03-20 15:14:56
777,54,2026-02,GUIA_MEI,GUIA_MEI,concluida,,,,,,,100.0,0,,2026-03-10 17:00:27
778,54,2026-02,OUTRA,OUTRA,concluida,,,,,,,100.0,0,,2026-05-07 14:39:08
779,54,2026-02,PUXAR_NF_SAIDA,PUXAR_NF_SAIDA,concluida,,,,,,,100.0,0,,2026-05-07 14:39:09
780,54,2026-02,REL_MEI,REL_MEI,concluida,,,,,,,100.0,0,,2026-03-20 15:14:53
781,54,2026-02,PEDIR_INFOS,PEDIR_INFOS,concluida,,,,,,,100.0,0,,2026-03-05 13:12:55
782,54,2026-02,REL_DEBITOS,REL_DEBITOS,concluida,,,,,,,100.0,0,,2026-03-20 15:12:41
714,55,2026-02,GUIA_MEI,GUIA_MEI,concluida,,,,,,,80.0,0,,2026-03-20 15:14:51
715,55,2026-02,GUIA_FGTS,GUIA_FGTS,pendente,,,,,,,80.0,0,,2026-02-27 00:04:43
716,55,2026-02,REL_MEI,REL_MEI,concluida,,,,,,,80.0,0,,2026-03-20 15:14:51
717,55,2026-02,PEDIR_INFOS,PEDIR_INFOS,concluida,,,,,,,80.0,0,,2026-03-20 15:14:51
718,55,2026-02,REL_DEBITOS,REL_DEBITOS,concluida,,,,,,,80.0,0,,2026-03-20 15:14:52
805,61,2026-02,GUIA_MEI,GUIA_MEI,concluida,,,,,,,83.33,0,,2026-03-20 15:14:54
806,61,2026-02,PARC_IMPOSTOS,PARC_IMPOSTOS,concluida,,,,,,,83.33,0,,2026-05-06 16:29:12
807,61,2026-02,REL_MEI,REL_MEI,concluida,,,,,,,83.33,0,,2026-03-20 15:14:54
808,61,2026-02,GUIA_FGTS,GUIA_FGTS,pendente,,,,,,,83.33,0,,2026-02-27 00:04:51
1013,61,2026-02,PEDIR_INFOS,PEDIR_INFOS,concluida,,,,,,,83.33,0,,2026-03-20 15:14:54
1014,61,2026-02,REL_DEBITOS,REL_DEBITOS,concluida,,,,,,,83.33,0,,2026-05-06 16:29:10
699,47,2026-02,GUIA_MEI,GUIA_MEI,concluida,,,,,,,100.0,0,,2026-03-20 15:14:51
700,47,2026-02,EXEC_FOLHA,EXEC_FOLHA,concluida,,,,,,,100.0,0,,2026-03-20 15:14:51
702,47,2026-02,ENV_CONTRACHEQUES,ENV_CONTRACHEQUES,concluida,,,,,,,100.0,0,,2026-03-20 15:14:51
703,47,2026-02,PEDIR_INFOS,PEDIR_INFOS,concluida,,,,,,,100.0,0,,2026-03-20 15:14:51
704,47,2026-02,REL_MEI,REL_MEI,concluida,,,,,,,100.0,0,,2026-03-20 15:14:51
705,47,2026-02,REL_DEBITOS,REL_DEBITOS,concluida,,,,,,,100.0,0,,2026-05-04 14:37:02
706,47,2026-02,GUIA_INSS,GUIA_INSS,concluida,,,,,,,100.0,0,,2026-03-20 15:14:51
693,44,2026-02,GUIA_MEI,GUIA_MEI,concluida,,,,,,,85.71,0,,2026-03-10 17:00:36
694,44,2026-02,GUIA_FGTS,GUIA_FGTS,pendente,,,,,,,85.71,0,,2026-02-27 00:04:41
695,44,2026-02,REL_MEI,REL_MEI,concluida,,,,,,,85.71,0,,2026-03-20 15:14:51
696,44,2026-02,EXEC_FOLHA,EXEC_FOLHA,concluida,,,,,,,85.71,0,,2026-03-03 11:59:09
697,44,2026-02,PEDIR_INFOS,PEDIR_INFOS,concluida,,,,,,,85.71,0,,2026-03-09 09:03:57
698,44,2026-02,REL_DEBITOS,REL_DEBITOS,concluida,,,,,,,85.71,0,,2026-03-16 14:44:44
14342,44,2026-02,OUTRA,OUTRA,concluida,,,,,,,85.71,0,,2026-05-07 14:39:43
24658,94,2026-02,PUXAR_NF_SAIDA,PUXAR_NF_SAIDA,concluida,,,,,,,100.0,0,,2026-05-07 15:30:11
28822,94,2026-02,APUR_SIMPLES,APUR_SIMPLES,concluida,,,,,,,100.0,0,,2026-03-20 15:14:57
1038,75,2026-02,APUR_SIMPLES,APUR_SIMPLES,concluida,,,,,,,100.0,0,,2026-03-20 15:14:55
1039,75,2026-02,GUIA_PREF,GUIA_PREF,concluida,,,,,,,100.0,0,,2026-04-02 22:05:04
1040,75,2026-02,REL_DEBITOS,REL_DEBITOS,concluida,,,,,,,100.0,0,,2026-04-30 14:17:06
36896,75,2026-02,PUXAR_NF_SAIDA,PUXAR_NF_SAIDA,concluida,,,,,,,100.0,0,,2026-04-30 14:17:10
751,50,2026-02,GUIA_MEI,GUIA_MEI,concluida,,,,,,,100.0,0,,2026-03-20 15:14:52
752,50,2026-02,GUIA_PREF,GUIA_PREF,concluida,,,,,,,100.0,0,,2026-03-20 15:18:03
753,50,2026-02,PARC_IMPOSTOS,PARC_IMPOSTOS,concluida,,,,,,,100.0,0,,2026-05-06 13:29:27
754,50,2026-02,REL_MEI,REL_MEI,concluida,,,,,,,100.0,0,,2026-03-20 15:14:52
755,50,2026-02,PEDIR_INFOS,PEDIR_INFOS,concluida,,,,,,,100.0,0,,2026-03-20 15:14:52
756,50,2026-02,REL_DEBITOS,REL_DEBITOS,concluida,,,,,,,100.0,0,,2026-05-06 13:18:39
738,79,2026-02,APUR_SIMPLES,APUR_SIMPLES,concluida,,,,,,,100.0,0,,2026-03-20 15:14:52
739,79,2026-02,EXEC_FOLHA,EXEC_FOLHA,concluida,,,,,,,100.0,0,,2026-03-20 15:14:52
740,79,2026-02,GUIA_PREF,GUIA_PREF,concluida,,,,,,,100.0,0,,2026-04-02 22:07:08
741,79,2026-02,ENV_CONTRACHEQUES,ENV_CONTRACHEQUES,concluida,,,,,,,100.0,0,,2026-03-20 15:14:52
742,79,2026-02,GUIA_INSS,GUIA_INSS,concluida,,,,,,,100.0,0,,2026-03-20 15:14:52
743,79,2026-02,REL_DEBITOS,REL_DEBITOS,concluida,,,,,,,100.0,0,,2026-03-20 15:14:52
24652,79,2026-02,PUXAR_NF_SAIDA,PUXAR_NF_SAIDA,concluida,,,,,,,100.0,0,,2026-05-04 14:25:39
24657,88,2026-02,PUXAR_NF_SAIDA,PUXAR_NF_SAIDA,concluida,,,,,,,100.0,0,,2026-05-11 11:29:31
783,57,2026-02,GUIA_FGTS,GUIA_FGTS,pendente,,,,,,,90.91,0,,2026-02-27 00:04:49
784,57,2026-02,GUIA_INSS,GUIA_INSS,concluida,,,,,,,90.91,0,,2026-03-03 15:26:56
785,57,2026-02,OUTRA,OUTRA,concluida,,,,,,,90.91,0,,2026-05-07 13:12:08
786,57,2026-02,REL_DEBITOS,REL_DEBITOS,concluida,,,,,,,90.91,0,,2026-05-07 13:12:05
787,57,2026-02,EXEC_FOLHA,EXEC_FOLHA,concluida,,,,,,,90.91,0,,2026-03-03 11:59:21
788,57,2026-02,GUIA_PREF,GUIA_PREF,concluida,,,,,,,90.91,0,,2026-04-02 22:00:26
789,57,2026-02,CONS_ICMS_ST,CONS_ICMS_ST,concluida,,,,,,,90.91,0,,2026-05-07 13:12:07
790,57,2026-02,ENV_PARC_SIMPLES,ENV_PARC_SIMPLES,concluida,,,,,,,90.91,0,,2026-03-11 15:43:16
791,57,2026-02,REL_MEI,REL_MEI,concluida,,,,,,,90.91,0,,2026-03-20 15:14:53
792,57,2026-02,PEDIR_INFOS,PEDIR_INFOS,concluida,,,,,,,90.91,0,,2026-03-20 15:14:53
793,57,2026-02,GUIA_MEI,GUIA_MEI,concluida,,,,,,,90.91,0,,2026-03-20 15:14:53
683,60,2026-02,GUIA_MEI,GUIA_MEI,concluida,,,,,,,83.33,0,,2026-03-10 17:01:16
684,60,2026-02,GUIA_FGTS,GUIA_FGTS,pendente,,,,,,,83.33,0,,2026-02-27 00:04:41
685,60,2026-02,REL_MEI,REL_MEI,concluida,,,,,,,83.33,0,,2026-03-12 12:39:07
686,60,2026-02,PEDIR_INFOS,PEDIR_INFOS,concluida,,,,,,,83.33,0,,2026-03-10 14:42:09
687,60,2026-02,REL_DEBITOS,REL_DEBITOS,concluida,,,,,,,83.33,0,,2026-03-20 14:54:39
31225,60,2026-02,OUTRA,OUTRA,concluida,,,,,,,83.33,0,,2026-05-07 14:44:14
1083,72,2026-02,APUR_SIMPLES,APUR_SIMPLES,concluida,,,,,,,100.0,0,,2026-03-20 15:14:57
1084,72,2026-02,REL_DEBITOS,REL_DEBITOS,concluida,,,,,,,100.0,0,,2026-03-20 15:14:57
1085,72,2026-02,CONS_ICMS_ST,CONS_ICMS_ST,concluida,,,,,,,100.0,0,,2026-05-07 15:24:03
1086,72,2026-02,ENV_PARC_SIMPLES,ENV_PARC_SIMPLES,concluida,,,,,,,100.0,0,,2026-03-11 15:43:55
1087,72,2026-02,GUIA_PREF,GUIA_PREF,concluida,,,,,,,100.0,0,,2026-04-02 21:50:52
24648,72,2026-02,PUXAR_NF_SAIDA,PUXAR_NF_SAIDA,concluida,,,,,,,100.0,0,,2026-05-07 15:24:04
707,45,2026-02,ENV_PARC_SIMPLES,ENV_PARC_SIMPLES,concluida,,,,,,,100.0,0,,2026-03-11 15:46:36
708,45,2026-02,REL_DEBITOS,REL_DEBITOS,concluida,,,,,,,100.0,0,,2026-05-11 11:26:21
709,45,2026-02,CONS_ICMS_ST,CONS_ICMS_ST,concluida,,,,,,,100.0,0,,2026-05-11 11:26:21
710,45,2026-02,REL_MEI,REL_MEI,concluida,,,,,,,100.0,0,,2026-03-12 12:37:59
711,45,2026-02,EXEC_FOLHA,EXEC_FOLHA,concluida,,,,,,,100.0,0,,2026-03-03 11:59:30
712,45,2026-02,PEDIR_INFOS,PEDIR_INFOS,concluida,,,,,,,100.0,0,,2026-03-05 13:12:49
713,45,2026-02,GUIA_MEI,GUIA_MEI,concluida,,,,,,,100.0,0,,2026-03-10 17:00:30
14350,45,2026-02,COBRAR_HONORARIOS,COBRAR_HONORARIOS,concluida,,,,,,,100.0,0,,2026-05-11 11:26:21
14351,45,2026-02,OUTRA,OUTRA,concluida,,,,,,,100.0,0,,2026-05-11 11:26:21
688,51,2026-02,GUIA_MEI,GUIA_MEI,concluida,,,,,,,80.0,0,,2026-03-20 15:14:51
689,51,2026-02,GUIA_FGTS,GUIA_FGTS,pendente,,,,,,,80.0,0,,2026-02-27 00:04:41
690,51,2026-02,REL_MEI,REL_MEI,concluida,,,,,,,80.0,0,,2026-03-20 15:14:51
691,51,2026-02,PEDIR_INFOS,PEDIR_INFOS,concluida,,,,,,,80.0,0,,2026-03-20 15:14:51
692,51,2026-02,REL_DEBITOS,REL_DEBITOS,concluida,,,,,,,80.0,0,,2026-03-20 14:55:38
719,71,2026-02,APUR_SIMPLES,APUR_SIMPLES,concluida,,,,,,,100.0,0,,2026-03-20 15:14:52
720,71,2026-02,GUIA_PREF,GUIA_PREF,concluida,,,,,,,100.0,0,,2026-03-20 15:17:22
721,71,2026-02,REL_DEBITOS,REL_DEBITOS,concluida,,,,,,,100.0,0,,2026-03-20 15:14:52
722,71,2026-02,CONS_ICMS_ST,CONS_ICMS_ST,concluida,,,,,,,100.0,0,,2026-04-30 13:55:25
723,71,2026-02,ENV_PARC_SIMPLES,ENV_PARC_SIMPLES,concluida,,,,,,,100.0,0,,2026-03-11 15:48:58
724,71,2026-02,ENV_CONTRACHEQUES,ENV_CONTRACHEQUES,concluida,,,,,,,100.0,0,,2026-03-20 15:14:52
725,71,2026-02,GUIA_INSS,GUIA_INSS,concluida,,,,,,,100.0,0,,2026-03-20 15:14:52
14356,71,2026-02,EXEC_FOLHA,EXEC_FOLHA,concluida,,,,,,,100.0,0,,2026-03-20 15:14:52
24647,71,2026-02,PUXAR_NF_SAIDA,PUXAR_NF_SAIDA,concluida,,,,,,,100.0,0,,2026-04-30 13:55:45
614,62,2026-01,GUIA_MEI,GUIA_MEI,concluida,,,,,,,100.0,0,,2026-03-03 12:50:00
643,62,2026-01,REL_MEI,REL_MEI,concluida,,,,,,,100.0,0,,2026-03-03 12:50:01
5826,62,2026-01,PEDIR_INFOS,PEDIR_INFOS,concluida,,,,,,,100.0,0,,2026-03-03 12:50:01
5827,62,2026-01,REL_DEBITOS,REL_DEBITOS,concluida,,,,,,,100.0,0,,2026-03-03 12:50:01
611,76,2026-01,APUR_SIMPLES,APUR_SIMPLES,concluida,,,,,,,100.0,0,,2026-02-28 20:32:26
15717,76,2026-01,OUTRA,OUTRA,concluida,,,,,,,100.0,0,,2026-03-05 11:54:33
576,69,2026-01,EXEC_FOLHA,EXEC_FOLHA,concluida,,,,,,,100.0,0,,2026-02-05 13:58:26
578,69,2026-01,ENV_CONTRACHEQUES,ENV_CONTRACHEQUES,concluida,,,,,,,100.0,0,,2026-02-05 13:59:29
585,69,2026-01,GUIA_INSS,GUIA_INSS,concluida,,,,,,,100.0,0,,2026-02-05 15:04:48
612,69,2026-01,APUR_SIMPLES,APUR_SIMPLES,concluida,,,,,,,100.0,0,,2026-02-09 14:31:50
569,78,2026-01,EXEC_FOLHA,EXEC_FOLHA,concluida,,,,,,,100.0,0,,2026-03-03 12:50:03
579,78,2026-01,ENV_CONTRACHEQUES,ENV_CONTRACHEQUES,concluida,,,,,,,100.0,0,,2026-03-03 12:50:03
602,78,2026-01,GUIA_FGTS_PARC,GUIA_FGTS_PARC,concluida,,,,,,,100.0,0,,2026-03-03 12:50:03
603,78,2026-01,GUIA_FGTS,GUIA_FGTS,concluida,,,,,,,100.0,0,,2026-03-03 12:50:03
605,78,2026-01,GUIA_INSS,GUIA_INSS,concluida,,,,,,,100.0,0,,2026-03-03 12:50:03
652,78,2026-01,APUR_SIMPLES,APUR_SIMPLES,concluida,,,,,,,100.0,0,,2026-03-03 12:50:03
5880,78,2026-01,GUIA_PREF,GUIA_PREF,concluida,,,,,,,100.0,0,,2026-03-03 12:50:03
5884,78,2026-01,REL_DEBITOS,REL_DEBITOS,concluida,,,,,,,100.0,0,,2026-03-05 11:33:29
6074,78,2026-01,DCTF_WEB,DCTF_WEB,concluida,,,,,,,100.0,0,,2026-05-31 14:11:31
36883,78,2026-01,DEFIS,DEFIS,concluida,,,,,,,100.0,0,,2026-03-27 09:59:42
573,73,2026-01,EXEC_FOLHA,EXEC_FOLHA,concluida,,,,,,,100.0,0,,2026-03-03 12:50:03
580,73,2026-01,ENV_CONTRACHEQUES,ENV_CONTRACHEQUES,concluida,,,,,,,100.0,0,,2026-03-03 12:50:03
606,73,2026-01,GUIA_INSS,GUIA_INSS,concluida,,,,,,,100.0,0,,2026-03-03 12:50:03
653,73,2026-01,APUR_SIMPLES,APUR_SIMPLES,concluida,,,,,,,100.0,0,,2026-03-03 12:50:03
5888,73,2026-01,GUIA_PREF,GUIA_PREF,concluida,,,,,,,100.0,0,,2026-03-03 12:50:03
5891,73,2026-01,REL_DEBITOS,REL_DEBITOS,concluida,,,,,,,100.0,0,,2026-03-03 12:50:03
6081,73,2026-01,DCTF_WEB,DCTF_WEB,concluida,,,,,,,100.0,0,,2026-05-31 14:11:31
36893,73,2026-01,DEFIS,DEFIS,concluida,,,,,,,100.0,0,,2026-03-27 09:42:47
622,65,2026-01,GUIA_MEI,GUIA_MEI,concluida,,,,,,,100.0,0,,2026-03-03 12:50:02
651,65,2026-01,REL_MEI,REL_MEI,concluida,,,,,,,100.0,0,,2026-03-03 12:50:03
5876,65,2026-01,PEDIR_INFOS,PEDIR_INFOS,concluida,,,,,,,100.0,0,,2026-03-03 12:50:02
5877,65,2026-01,REL_DEBITOS,REL_DEBITOS,concluida,,,,,,,100.0,0,,2026-03-03 12:50:03
615,63,2026-01,GUIA_MEI,GUIA_MEI,concluida,,,,,,,100.0,0,,2026-03-03 12:49:57
631,63,2026-01,REL_MEI,REL_MEI,concluida,,,,,,,100.0,0,,2026-03-03 12:49:57
5746,63,2026-01,PARC_IMPOSTOS,PARC_IMPOSTOS,concluida,,,,,,,100.0,0,,2026-03-03 12:49:57
5748,63,2026-01,ENV_PARC_SIMPLES,ENV_PARC_SIMPLES,concluida,,,,,,,100.0,0,,2026-03-03 12:49:57
5749,63,2026-01,PEDIR_INFOS,PEDIR_INFOS,concluida,,,,,,,100.0,0,,2026-03-03 12:49:57
5750,63,2026-01,REL_DEBITOS,REL_DEBITOS,concluida,,,,,,,100.0,0,,2026-03-03 12:49:57
630,48,2026-01,REL_MEI,REL_MEI,concluida,,,,,,,100.0,0,,2026-02-28 20:33:49
5739,48,2026-01,GUIA_MEI,GUIA_MEI,concluida,,,,,,,100.0,0,,2026-02-28 20:33:49
5740,48,2026-01,PARC_IMPOSTOS,PARC_IMPOSTOS,concluida,,,,,,,100.0,0,,2026-02-28 20:35:52
5742,48,2026-01,ENV_PARC_SIMPLES,ENV_PARC_SIMPLES,concluida,,,,,,,100.0,0,,2026-02-28 20:35:47
5743,48,2026-01,PEDIR_INFOS,PEDIR_INFOS,concluida,,,,,,,100.0,0,,2026-02-28 20:33:49
5744,48,2026-01,REL_DEBITOS,REL_DEBITOS,concluida,,,,,,,100.0,0,,2026-03-05 11:40:08
10008,48,2026-01,DCTF_WEB,DCTF_WEB,concluida,,,,,,,100.0,0,,2026-05-31 14:11:31
15616,48,2026-01,COBRAR_HONORARIOS,COBRAR_HONORARIOS,concluida,,,,,,,100.0,0,,2026-03-05 11:52:39
36781,48,2026-01,DEFIS,DEFIS,concluida,,,,,,,100.0,0,,2026-03-31 11:22:52
570,80,2026-01,EXEC_FOLHA,EXEC_FOLHA,concluida,,,,,,,100.0,0,,2026-02-02 22:47:47
583,80,2026-01,ENV_CONTRACHEQUES,ENV_CONTRACHEQUES,concluida,,,,,,,100.0,0,,2026-02-05 13:59:30
600,80,2026-01,GUIA_FGTS_PARC,GUIA_FGTS_PARC,concluida,,,,,,,100.0,0,,2026-02-28 20:32:24
604,80,2026-01,GUIA_FGTS,GUIA_FGTS,concluida,,,,,,,100.0,0,,2026-02-05 18:48:09
607,80,2026-01,GUIA_INSS,GUIA_INSS,concluida,,,,,,,100.0,0,,2026-02-06 11:54:49
39435,80,2026-01,DCTF_WEB,DCTF_WEB,concluida,,,,,,,100.0,0,,2026-05-31 14:11:31
662,70,2026-01,APUR_SIMPLES,APUR_SIMPLES,concluida,,,,,,,100.0,0,,2026-03-03 12:50:04
5896,70,2026-01,GUIA_PREF,GUIA_PREF,concluida,,,,,,,100.0,0,,2026-03-03 12:50:04
5897,70,2026-01,REL_DEBITOS,REL_DEBITOS,concluida,,,,"COMPROMISSOS MAR/26 58859439000154 (C) 24587847000182 (E)
> 20/12 - 270$ Honorários pago 05/01 ✅
> 20/01 - 270$ Honorários⚠
> 20/02 - 270$ Honorários⚠

> 30/09 - 236$ Par.Elenise 10/12 (ECAC/CNPJ/SISPAR)
> 30/10 - 236$ Par.Elenise 11/12 (ECAC/CNPJ/SISPAR)
> 30/11 - 236$ Par.Elenise 12/12 (ECAC/CNPJ/SISPAR)*
#parcelamento expirado
#débito total = 20.367,37

> 20/12 - 1.198$ Imposto
> 20/01 - 1.600$ Imposto
> 20/02 - 1.741$ Imposto
> 20/02 - ???$ Imposto

> 27/02 - ???$ Parc.Simples*
> 27/02 - ???$ Parc.Simples*
#sistema off

🔰 Honorários 270$ (out25/mar26)
🔰 Chave PIX: 82988299726 Decessars
🔰 Elenise: 70403170443 Mercado@23 (possui outros débitos, mas está sendo reslovido um por um)
🔰 Poral do Contribuinte: 24142860 cC@50131
💰 Alíquota impostos: 5,59% do faturamento",,,100.0,0,,2026-03-04 10:42:18
6089,70,2026-01,DCTF_WEB,DCTF_WEB,concluida,,,,,,,100.0,0,,2026-05-31 14:11:31
15728,70,2026-01,ENV_PARC_SIMPLES,ENV_PARC_SIMPLES,concluida,,,,,,,100.0,0,,2026-03-03 12:50:04
36904,70,2026-01,DEFIS,DEFIS,concluida,,,,,,,100.0,0,,2026-03-30 09:23:28
641,58,2026-01,REL_MEI,REL_MEI,concluida,,,,,,,100.0,0,,2026-03-03 12:50:00
5811,58,2026-01,GUIA_MEI,GUIA_MEI,concluida,,,,,,,100.0,0,,2026-03-03 12:50:00
5812,58,2026-01,REL_DEBITOS,REL_DEBITOS,concluida,,,,,,,100.0,0,,2026-03-03 12:50:00
5813,58,2026-01,CONS_ICMS_ST,CONS_ICMS_ST,concluida,,,,,,,100.0,0,,2026-03-03 12:50:00
5814,58,2026-01,ENV_PARC_SIMPLES,ENV_PARC_SIMPLES,concluida,,,,,,,100.0,0,,2026-03-03 12:50:00
5816,58,2026-01,APUR_SIMPLES,APUR_SIMPLES,concluida,,,,,,,100.0,0,,2026-02-28 20:33:55
5817,58,2026-01,PEDIR_INFOS,PEDIR_INFOS,concluida,,,,,,,100.0,0,,2026-03-03 12:50:00
8975,91,2026-01,DCTF_WEB,DCTF_WEB,concluida,,,,,,,100.0,0,,2026-05-31 14:11:31
36951,91,2026-01,DEFIS,DEFIS,concluida,,,,,,,100.0,0,,2026-03-18 10:32:03
594,64,2026-01,PEDIR_INFOS,PEDIR_INFOS,concluida,,,,,,,100.0,0,,2026-03-03 12:50:02
616,64,2026-01,GUIA_MEI,GUIA_MEI,concluida,,,,,,,100.0,0,,2026-03-03 12:50:02
648,64,2026-01,REL_MEI,REL_MEI,concluida,,,,,,,100.0,0,,2026-03-03 12:50:02
5860,64,2026-01,EXEC_FOLHA,EXEC_FOLHA,concluida,,,,,,,100.0,0,,2026-02-28 20:33:59
5864,64,2026-01,REL_DEBITOS,REL_DEBITOS,concluida,,,,,,,100.0,0,,2026-03-04 11:38:57
10164,64,2026-01,DCTF_WEB,DCTF_WEB,concluida,,,,,,,100.0,0,,2026-05-31 14:11:31
15692,64,2026-01,APUR_SIMPLES,APUR_SIMPLES,concluida,,,,,,,100.0,0,,2026-03-03 12:50:02
15697,64,2026-01,CONS_ICMS_ST,CONS_ICMS_ST,concluida,,,,,,,100.0,0,,2026-03-10 14:50:22
15698,64,2026-01,PUXAR_NF_SAIDA,PUXAR_NF_SAIDA,concluida,,,,,,,100.0,0,,2026-03-05 11:46:09
15699,64,2026-01,GUIA_PREF,GUIA_PREF,concluida,,,,,,,100.0,0,,2026-03-05 11:52:57
36864,64,2026-01,DEFIS,DEFIS,concluida,,,,,,,100.0,0,,2026-03-27 10:26:23
5898,85,2026-01,REL_DEBITOS,REL_DEBITOS,concluida,,,,,,,100.0,0,,2026-03-05 11:40:20
5899,85,2026-01,CONS_ICMS_ST,CONS_ICMS_ST,concluida,,,,,,,100.0,0,,2026-03-03 12:50:04
5900,85,2026-01,ENV_PARC_SIMPLES,ENV_PARC_SIMPLES,concluida,,,,,,,100.0,0,,2026-03-03 12:50:04
36912,85,2026-01,DEFIS,DEFIS,concluida,,,,,,,100.0,0,,2026-03-27 10:26:06
654,82,2026-01,APUR_SIMPLES,APUR_SIMPLES,concluida,,,,,,,100.0,0,,2026-03-03 12:50:04
5902,82,2026-01,GUIA_PREF,GUIA_PREF,concluida,,,,,,,100.0,0,,2026-03-03 12:50:04
5903,82,2026-01,REL_DEBITOS,REL_DEBITOS,concluida,,,,,,,100.0,0,,2026-03-05 11:33:32
6097,82,2026-01,DCTF_WEB,DCTF_WEB,concluida,,,,,,,100.0,0,,2026-05-31 14:11:31
15734,82,2026-01,EXEC_FOLHA,EXEC_FOLHA,concluida,,,,,,,100.0,0,,2026-03-03 12:50:04
15735,82,2026-01,GUIA_INSS,GUIA_INSS,concluida,,,,,,,100.0,0,,2026-03-03 12:50:04
36918,82,2026-01,DEFIS,DEFIS,concluida,,,,,,,100.0,0,,2026-03-17 14:53:01
632,89,2026-01,REL_MEI,REL_MEI,concluida,,,,,,,100.0,0,,2026-02-11 14:51:57
649,68,2026-01,REL_MEI,REL_MEI,concluida,,,,,,,100.0,0,,2026-02-28 20:33:59
5865,68,2026-01,GUIA_MEI,GUIA_MEI,concluida,,,,,,,100.0,0,,2026-02-28 20:33:59
5867,68,2026-01,PEDIR_INFOS,PEDIR_INFOS,concluida,,,,,,,100.0,0,,2026-02-28 20:34:00
5868,68,2026-01,REL_DEBITOS,REL_DEBITOS,concluida,,,,,,,100.0,0,,2026-03-03 12:45:07
15700,68,2026-01,COBRAR_HONORARIOS,COBRAR_HONORARIOS,concluida,,,,,,,100.0,0,,2026-03-05 11:52:38
655,81,2026-01,APUR_SIMPLES,APUR_SIMPLES,concluida,,,,,,,100.0,0,,2026-03-03 12:50:04
5905,81,2026-01,GUIA_PREF,GUIA_PREF,concluida,,,,,,,100.0,0,,2026-03-03 12:50:04
5906,81,2026-01,REL_DEBITOS,REL_DEBITOS,concluida,,,,"Compromissos 58047884000110 (E) / 60103160000198 (O)
> 26/01 - 30$ Parcelamento 2025 1/60

> 20/01 - Imposto ✅

4,81% de imposto

> 20/10 - 82$ MEI Orpheo⚠️
> 20/11 - 82$ MEI Orpheo⚠️
> 20/12 - 82$ MEI Orpheo⚠️
> 20/01 - 82$ MEI Orpheo⚠️

> 30/12 - 250$ Honorários✅

🔰 Reajuste Honorários jan/26 --> 👉🏽 300$ (até junho) e 350$ apartir de julho/26
🔰 Orpheo Faturamento: 7,0 + 3,2 + 8,3 + 4,5 + 9,1 (ago) + 3,5 (out) = = 35,6 mil ~ 47,4 mil (média geral)

A PARTIR DE AGORA, EMITIR NF DE TODAS AS VENDAS",,,100.0,0,,2026-03-04 10:42:10
6101,81,2026-01,DCTF_WEB,DCTF_WEB,concluida,,,,,,,100.0,0,,2026-05-31 14:11:31
36923,81,2026-01,DEFIS,DEFIS,concluida,,,,,,,100.0,0,,2026-03-31 11:15:03
617,56,2026-01,GUIA_MEI,GUIA_MEI,concluida,,,,,,,100.0,0,,2026-03-03 12:50:01
645,56,2026-01,REL_MEI,REL_MEI,concluida,,,,,,,100.0,0,,2026-03-03 12:50:01
5833,56,2026-01,PUXAR_NF_SAIDA,PUXAR_NF_SAIDA,concluida,,,,,,,100.0,0,,2026-02-28 20:35:50
5834,56,2026-01,REL_DEBITOS,REL_DEBITOS,concluida,,,,,,,100.0,0,,2026-03-05 11:33:34
5835,56,2026-01,CONS_ICMS_ST,CONS_ICMS_ST,concluida,,,,,,,100.0,0,,2026-02-28 20:35:50
5836,56,2026-01,ENV_PARC_SIMPLES,ENV_PARC_SIMPLES,concluida,,,,,,,100.0,0,,2026-02-28 20:35:47
5838,56,2026-01,PEDIR_INFOS,PEDIR_INFOS,concluida,,,,,,,100.0,0,,2026-03-03 12:50:01
656,74,2026-01,APUR_SIMPLES,APUR_SIMPLES,concluida,,,,,,,100.0,0,,2026-03-03 12:50:05
5908,74,2026-01,REL_DEBITOS,REL_DEBITOS,concluida,,,,,,,100.0,0,,2026-03-03 12:50:05
5909,74,2026-01,CONS_ICMS_ST,CONS_ICMS_ST,concluida,,,,,,,100.0,0,,2026-03-03 12:50:05
5910,74,2026-01,ENV_PARC_SIMPLES,ENV_PARC_SIMPLES,concluida,,,,,,,100.0,0,,2026-03-03 12:50:05
5911,74,2026-01,GUIA_PREF,GUIA_PREF,concluida,,,,,,,100.0,0,,2026-03-03 12:50:05
6107,74,2026-01,DCTF_WEB,DCTF_WEB,concluida,,,,,,,100.0,0,,2026-05-31 14:11:31
5915,86,2026-01,REL_DEBITOS,REL_DEBITOS,concluida,,,,,,,100.0,0,,2026-03-03 12:45:21
5916,86,2026-01,CONS_ICMS_ST,CONS_ICMS_ST,concluida,,,,,,,100.0,0,,2026-02-28 20:35:50
5917,86,2026-01,ENV_PARC_SIMPLES,ENV_PARC_SIMPLES,concluida,,,,,,,100.0,0,,2026-02-28 20:35:47
6115,86,2026-01,DCTF_WEB,DCTF_WEB,concluida,,,,,,,100.0,0,,2026-05-31 14:11:31
15747,86,2026-01,OUTRA,OUTRA,concluida,,,,,,,100.0,0,,2026-03-05 11:54:31
53724,97,2026-01,DCTF_WEB,DCTF_WEB,concluida,,,,,,,100.0,0,,2026-05-31 14:11:31
618,53,2026-01,GUIA_MEI,GUIA_MEI,concluida,,,,,,,100.0,0,,2026-03-03 12:50:01
646,53,2026-01,REL_MEI,REL_MEI,concluida,,,,,,,100.0,0,,2026-03-03 12:50:01
5840,53,2026-01,PUXAR_NF_SAIDA,PUXAR_NF_SAIDA,concluida,,,,,,,100.0,0,,2026-02-28 20:35:50
5842,53,2026-01,PEDIR_INFOS,PEDIR_INFOS,concluida,,,,,,,100.0,0,,2026-02-28 20:33:57
5843,53,2026-01,REL_DEBITOS,REL_DEBITOS,concluida,,,,,,,100.0,0,,2026-03-04 10:42:12
5912,83,2026-01,APUR_SIMPLES,APUR_SIMPLES,concluida,,,,,,,100.0,0,,2026-02-28 20:34:04
5913,83,2026-01,GUIA_PREF,GUIA_PREF,concluida,,,,,,,100.0,0,,2026-02-28 20:35:51
5914,83,2026-01,REL_DEBITOS,REL_DEBITOS,concluida,,,,,,,100.0,0,,2026-03-04 10:42:08
6111,83,2026-01,DCTF_WEB,DCTF_WEB,concluida,,,,,,,100.0,0,,2026-05-31 14:11:31
15746,83,2026-01,COBRAR_HONORARIOS,COBRAR_HONORARIOS,concluida,,,,,,,100.0,0,,2026-03-05 11:52:34
36929,83,2026-01,DEFIS,DEFIS,concluida,,,,,,,100.0,0,,2026-03-18 10:32:45
15757,93,2026-01,ENV_PARC_SIMPLES,ENV_PARC_SIMPLES,concluida,,,,,,,100.0,0,,2026-03-03 12:50:05
96323,93,2026-01,DCTF_WEB,DCTF_WEB,concluida,,,,,,,100.0,0,,2026-05-31 14:11:31
29154,95,2026-01,DCTF_WEB,DCTF_WEB,concluida,,,,,,,100.0,0,,2026-05-31 14:11:31
36931,95,2026-01,DEFIS,DEFIS,concluida,,,,,,,100.0,0,,2026-03-30 09:17:15
619,46,2026-01,GUIA_MEI,GUIA_MEI,concluida,,,,,,,100.0,0,,2026-03-03 12:50:01
644,46,2026-01,REL_MEI,REL_MEI,concluida,,,,,,,100.0,0,,2026-03-03 12:50:01
5830,46,2026-01,PEDIR_INFOS,PEDIR_INFOS,concluida,,,,,,,100.0,0,,2026-03-03 12:50:01
5831,46,2026-01,REL_DEBITOS,REL_DEBITOS,concluida,,,,,,,100.0,0,,2026-03-05 11:40:23
15677,46,2026-01,ENV_PARC_SIMPLES,ENV_PARC_SIMPLES,concluida,,,,,,,100.0,0,,2026-03-03 12:50:01
5800,59,2026-01,GUIA_MEI,GUIA_MEI,concluida,,,,,,,100.0,0,,2026-02-28 20:33:53
5801,59,2026-01,PEDIR_INFOS,PEDIR_INFOS,concluida,,,,,,,100.0,0,,2026-02-28 20:33:53
5802,59,2026-01,REL_DEBITOS,REL_DEBITOS,concluida,,,,,,,100.0,0,,2026-03-03 12:45:03
5803,59,2026-01,CONS_ICMS_ST,CONS_ICMS_ST,concluida,,,,,,,100.0,0,,2026-02-28 20:35:50
5804,59,2026-01,REL_MEI,REL_MEI,concluida,,,,,,,100.0,0,,2026-02-28 20:35:48
15655,59,2026-01,COBRAR_HONORARIOS,COBRAR_HONORARIOS,concluida,,,,,,,100.0,0,,2026-03-05 11:52:54
620,52,2026-01,GUIA_MEI,GUIA_MEI,concluida,,,,,,,100.0,0,,2026-03-03 12:49:59
640,52,2026-01,REL_MEI,REL_MEI,concluida,,,,,,,100.0,0,,2026-02-28 20:33:53
5794,52,2026-01,GUIA_PREF,GUIA_PREF,concluida,,,,,,,100.0,0,,2026-02-28 20:35:51
5795,52,2026-01,REL_DEBITOS,REL_DEBITOS,concluida,,,,,,,100.0,0,,2026-03-03 12:45:22
5796,52,2026-01,CONS_ICMS_ST,CONS_ICMS_ST,concluida,,,,,,,100.0,0,,2026-02-28 20:35:50
5797,52,2026-01,ENV_PARC_SIMPLES,ENV_PARC_SIMPLES,concluida,,,,,,,100.0,0,,2026-02-28 20:35:47
5799,52,2026-01,PEDIR_INFOS,PEDIR_INFOS,concluida,,,,,,,100.0,0,,2026-02-28 20:33:53
621,67,2026-01,GUIA_MEI,GUIA_MEI,concluida,,,,,,,100.0,0,,2026-03-03 12:49:57
633,67,2026-01,REL_MEI,REL_MEI,concluida,,,,,,,100.0,0,,2026-03-03 12:49:58
5753,67,2026-01,PEDIR_INFOS,PEDIR_INFOS,concluida,,,,,,,100.0,0,,2026-03-03 12:49:57
5754,67,2026-01,REL_DEBITOS,REL_DEBITOS,concluida,,,,,,,100.0,0,,2026-03-05 11:40:32
15624,67,2026-01,ENV_PARC_SIMPLES,ENV_PARC_SIMPLES,concluida,,,,,,,100.0,0,,2026-03-03 12:49:57
5918,77,2026-01,APUR_SIMPLES,APUR_SIMPLES,concluida,,,,,,,100.0,0,,2026-02-28 20:34:05
5919,77,2026-01,GUIA_PREF,GUIA_PREF,concluida,,,,,,,100.0,0,,2026-03-03 12:50:05
5920,77,2026-01,REL_DEBITOS,REL_DEBITOS,concluida,,,,,,,100.0,0,,2026-03-04 11:38:54
6118,77,2026-01,DCTF_WEB,DCTF_WEB,concluida,,,,,,,100.0,0,,2026-05-31 14:11:31
15748,77,2026-01,PEDIR_INFOS,PEDIR_INFOS,concluida,,,,,,,100.0,0,,2026-03-03 12:50:05
15749,77,2026-01,ENV_PARC_SIMPLES,ENV_PARC_SIMPLES,concluida,,,,,,,100.0,0,,2026-03-03 12:50:05
15751,77,2026-01,PUXAR_NF_SAIDA,PUXAR_NF_SAIDA,concluida,,,,,,,100.0,0,,2026-03-05 11:46:06
15752,77,2026-01,EMISSAO_NF,EMISSAO_NF,concluida,,,,,,,100.0,0,,2026-03-05 11:46:21
15753,77,2026-01,COBRAR_HONORARIOS,COBRAR_HONORARIOS,concluida,,,,,,,100.0,0,,2026-03-05 11:52:44
15755,77,2026-01,PARC_MENSAL,PARC_MENSAL,concluida,,,,,,,100.0,0,,2026-03-05 11:54:17
15756,77,2026-01,PARC_IMPOSTOS,PARC_IMPOSTOS,concluida,,,,,,,100.0,0,,2026-03-05 11:54:20
36943,77,2026-01,DEFIS,DEFIS,concluida,,,,,,,100.0,0,,2026-03-17 14:49:18
5844,54,2026-01,GUIA_MEI,GUIA_MEI,concluida,,,,,,,100.0,0,,2026-02-28 20:35:47
5845,54,2026-01,OUTRA,OUTRA,concluida,,,,,,,100.0,0,,2026-03-03 12:50:01
5846,54,2026-01,PUXAR_NF_SAIDA,PUXAR_NF_SAIDA,concluida,,,,,,,100.0,0,,2026-02-28 20:35:51
5847,54,2026-01,REL_MEI,REL_MEI,concluida,,,,,,,100.0,0,,2026-02-28 20:35:48
5848,54,2026-01,PEDIR_INFOS,PEDIR_INFOS,concluida,,,,,,,100.0,0,,2026-02-28 20:33:58
5849,54,2026-01,REL_DEBITOS,REL_DEBITOS,concluida,,,,,,,100.0,0,,2026-03-05 11:40:30
627,55,2026-01,GUIA_MEI,GUIA_MEI,concluida,,,,,,,100.0,0,,2026-03-03 12:49:59
639,55,2026-01,REL_MEI,REL_MEI,concluida,,,,,,,100.0,0,,2026-03-03 12:49:59
5784,55,2026-01,PEDIR_INFOS,PEDIR_INFOS,concluida,,,,,,,100.0,0,,2026-03-03 12:49:59
5785,55,2026-01,REL_DEBITOS,REL_DEBITOS,concluida,,,,,,,100.0,0,,2026-03-05 11:33:36
83712,100,2026-01,DCTF_WEB,DCTF_WEB,concluida,,,,,,,100.0,0,,2026-05-31 14:11:31
623,61,2026-01,GUIA_MEI,GUIA_MEI,concluida,,,,,,,100.0,0,,2026-03-03 12:50:02
650,61,2026-01,REL_MEI,REL_MEI,concluida,,,,,,,100.0,0,,2026-03-03 12:50:02
5870,61,2026-01,PARC_IMPOSTOS,PARC_IMPOSTOS,concluida,,,,,,,100.0,0,,2026-02-28 20:35:52
5872,61,2026-01,PEDIR_INFOS,PEDIR_INFOS,concluida,,,,,,,100.0,0,,2026-03-03 12:50:02
5873,61,2026-01,REL_DEBITOS,REL_DEBITOS,concluida,,,,,,,100.0,0,,2026-03-05 11:33:27
571,47,2026-01,EXEC_FOLHA,EXEC_FOLHA,concluida,,,,,,,100.0,0,,2026-03-03 12:49:58
582,47,2026-01,ENV_CONTRACHEQUES,ENV_CONTRACHEQUES,concluida,,,,,,,100.0,0,,2026-03-03 12:49:58
608,47,2026-01,GUIA_INSS,GUIA_INSS,concluida,,,,,,,100.0,0,,2026-03-03 12:49:58
624,47,2026-01,GUIA_MEI,GUIA_MEI,concluida,,,,,,,100.0,0,,2026-03-03 12:49:58
637,47,2026-01,REL_MEI,REL_MEI,concluida,,,,,,,100.0,0,,2026-03-03 12:49:59
5771,47,2026-01,PEDIR_INFOS,PEDIR_INFOS,concluida,,,,,,,100.0,0,,2026-03-03 12:49:58
5773,47,2026-01,REL_DEBITOS,REL_DEBITOS,concluida,,,,,,,100.0,0,,2026-03-04 11:38:49
636,44,2026-01,REL_MEI,REL_MEI,concluida,,,,,,,100.0,0,,2026-02-28 20:33:50
5763,44,2026-01,GUIA_MEI,GUIA_MEI,concluida,,,,,,,100.0,0,,2026-02-28 20:33:50
5765,44,2026-01,EXEC_FOLHA,EXEC_FOLHA,concluida,,,,,,,100.0,0,,2026-02-28 20:33:51
5766,44,2026-01,PEDIR_INFOS,PEDIR_INFOS,concluida,,,,,,,100.0,0,,2026-02-28 20:33:51
5767,44,2026-01,REL_DEBITOS,REL_DEBITOS,concluida,,,,,,,100.0,0,,2026-03-03 12:45:12
15634,44,2026-01,OUTRA,OUTRA,concluida,,,,,,,100.0,0,,2026-03-05 11:54:24
28846,94,2026-01,DCTF_WEB,DCTF_WEB,concluida,,,,,,,100.0,0,,2026-05-31 14:11:31
36954,94,2026-01,DEFIS,DEFIS,concluida,,,,,,,100.0,0,,2026-03-27 10:20:08
657,75,2026-01,APUR_SIMPLES,APUR_SIMPLES,concluida,,,,,,,100.0,0,,2026-03-03 12:50:04
5893,75,2026-01,GUIA_PREF,GUIA_PREF,concluida,,,,,,,100.0,0,,2026-03-03 12:50:04
5894,75,2026-01,REL_DEBITOS,REL_DEBITOS,concluida,,,,,,,100.0,0,,2026-03-05 11:40:24
6085,75,2026-01,DCTF_WEB,DCTF_WEB,concluida,,,,,,,100.0,0,,2026-05-31 14:11:31
36898,75,2026-01,DEFIS,DEFIS,concluida,,,,,,,100.0,0,,2026-03-31 11:39:06
626,50,2026-01,GUIA_MEI,GUIA_MEI,concluida,,,,,,,100.0,0,,2026-03-03 12:50:00
642,50,2026-01,REL_MEI,REL_MEI,concluida,,,,,,,100.0,0,,2026-03-03 12:50:00
5819,50,2026-01,GUIA_PREF,GUIA_PREF,concluida,,,,,,,100.0,0,,2026-02-28 20:35:51
5820,50,2026-01,PARC_IMPOSTOS,PARC_IMPOSTOS,concluida,,,,,,,100.0,0,,2026-02-28 20:35:52
5822,50,2026-01,PEDIR_INFOS,PEDIR_INFOS,concluida,,,,,,,100.0,0,,2026-03-03 12:50:00
5823,50,2026-01,REL_DEBITOS,REL_DEBITOS,concluida,,,,,,,100.0,0,,2026-03-03 12:50:00
574,79,2026-01,EXEC_FOLHA,EXEC_FOLHA,concluida,,,,,,,100.0,0,,2026-03-03 12:50:00
581,79,2026-01,ENV_CONTRACHEQUES,ENV_CONTRACHEQUES,concluida,,,,,,,100.0,0,,2026-03-03 12:50:00
609,79,2026-01,GUIA_INSS,GUIA_INSS,concluida,,,,,,,100.0,0,,2026-03-03 12:50:00
658,79,2026-01,APUR_SIMPLES,APUR_SIMPLES,concluida,,,,,,,100.0,0,,2026-03-03 12:50:00
5807,79,2026-01,GUIA_PREF,GUIA_PREF,concluida,,,,,,,100.0,0,,2026-03-03 12:50:00
5810,79,2026-01,REL_DEBITOS,REL_DEBITOS,concluida,,,,,,,100.0,0,,2026-03-03 12:50:00
5999,79,2026-01,DCTF_WEB,DCTF_WEB,concluida,,,,,,,100.0,0,,2026-05-31 14:11:31
36829,79,2026-01,DEFIS,DEFIS,concluida,,,,,,,100.0,0,,2026-03-31 11:09:44
659,88,2026-01,APUR_SIMPLES,APUR_SIMPLES,concluida,,,,,,,100.0,0,,2026-02-20 13:04:02
6090,88,2026-01,DCTF_WEB,DCTF_WEB,concluida,,,,,,,100.0,0,,2026-05-31 14:11:31
36906,88,2026-01,DEFIS,DEFIS,concluida,,,,,,,100.0,0,,2026-03-31 11:19:37
628,57,2026-01,GUIA_MEI,GUIA_MEI,concluida,,,,,,,100.0,0,,2026-03-03 12:50:01
647,57,2026-01,REL_MEI,REL_MEI,concluida,,,,,,,100.0,0,,2026-03-03 12:50:02
5850,57,2026-01,GUIA_INSS,GUIA_INSS,concluida,,,,,,,100.0,0,,2026-02-28 20:33:58
5851,57,2026-01,OUTRA,OUTRA,concluida,,,,,,,100.0,0,,2026-02-28 20:35:52
5852,57,2026-01,REL_DEBITOS,REL_DEBITOS,concluida,,,,,,,100.0,0,,2026-03-04 11:38:59
5853,57,2026-01,EXEC_FOLHA,EXEC_FOLHA,concluida,,,,,,,100.0,0,,2026-02-28 20:33:58
5854,57,2026-01,GUIA_PREF,GUIA_PREF,concluida,,,,,,,100.0,0,,2026-02-28 20:35:51
5855,57,2026-01,CONS_ICMS_ST,CONS_ICMS_ST,concluida,,,,,,,100.0,0,,2026-02-28 20:35:50
5856,57,2026-01,ENV_PARC_SIMPLES,ENV_PARC_SIMPLES,concluida,,,,,,,100.0,0,,2026-02-28 20:35:47
5858,57,2026-01,PEDIR_INFOS,PEDIR_INFOS,concluida,,,,,,,100.0,0,,2026-03-03 12:50:01
634,60,2026-01,REL_MEI,REL_MEI,concluida,,,,,,,100.0,0,,2026-02-28 20:33:50
5755,60,2026-01,GUIA_MEI,GUIA_MEI,concluida,,,,,,,100.0,0,,2026-02-28 20:33:50
5757,60,2026-01,PEDIR_INFOS,PEDIR_INFOS,concluida,,,,,,,100.0,0,,2026-03-03 12:49:58
5758,60,2026-01,REL_DEBITOS,REL_DEBITOS,concluida,,,,,,,100.0,0,,2026-03-03 12:49:58
660,72,2026-01,APUR_SIMPLES,APUR_SIMPLES,concluida,,,,,,,100.0,0,,2026-03-03 12:50:05
5922,72,2026-01,REL_DEBITOS,REL_DEBITOS,concluida,,,,,,,100.0,0,,2026-03-04 11:38:31
5923,72,2026-01,CONS_ICMS_ST,CONS_ICMS_ST,concluida,,,,,,,100.0,0,,2026-03-03 12:50:06
5924,72,2026-01,ENV_PARC_SIMPLES,ENV_PARC_SIMPLES,concluida,,,,,,,100.0,0,,2026-03-03 12:50:06
5925,72,2026-01,GUIA_PREF,GUIA_PREF,concluida,,,,,,,100.0,0,,2026-03-03 12:50:06
6126,72,2026-01,DCTF_WEB,DCTF_WEB,concluida,,,,,,,100.0,0,,2026-05-31 14:11:31
36960,72,2026-01,DEFIS,DEFIS,concluida,,,,,,,100.0,0,,2026-03-27 10:52:30
638,45,2026-01,REL_MEI,REL_MEI,concluida,,,,,,,100.0,0,,2026-02-28 20:33:52
5775,45,2026-01,ENV_PARC_SIMPLES,ENV_PARC_SIMPLES,concluida,,,,,,,100.0,0,,2026-02-28 20:35:47
5776,45,2026-01,REL_DEBITOS,REL_DEBITOS,concluida,,,,,,,100.0,0,,2026-03-03 12:45:17
5777,45,2026-01,CONS_ICMS_ST,CONS_ICMS_ST,concluida,,,,,,,100.0,0,,2026-02-28 20:35:50
5779,45,2026-01,EXEC_FOLHA,EXEC_FOLHA,concluida,,,,,,,100.0,0,,2026-02-28 20:33:52
5780,45,2026-01,PEDIR_INFOS,PEDIR_INFOS,concluida,,,,,,,100.0,0,,2026-02-28 20:33:52
5781,45,2026-01,GUIA_MEI,GUIA_MEI,concluida,,,,,,,100.0,0,,2026-02-28 20:33:52
15642,45,2026-01,COBRAR_HONORARIOS,COBRAR_HONORARIOS,concluida,,,,,,,100.0,0,,2026-03-05 11:52:42
15643,45,2026-01,OUTRA,OUTRA,concluida,,,,,,,100.0,0,,2026-03-05 11:54:28
629,51,2026-01,GUIA_MEI,GUIA_MEI,concluida,,,,,,,100.0,0,,2026-03-03 12:49:58
635,51,2026-01,REL_MEI,REL_MEI,concluida,,,,,,,100.0,0,,2026-03-03 11:57:46
5761,51,2026-01,PEDIR_INFOS,PEDIR_INFOS,concluida,,,,,,,100.0,0,,2026-03-03 12:49:58
5762,51,2026-01,REL_DEBITOS,REL_DEBITOS,concluida,,,,,,,100.0,0,,2026-03-03 12:49:58
93774,102,2026-01,DCTF_WEB,DCTF_WEB,concluida,,,,,,,100.0,0,,2026-05-31 14:11:31
575,71,2026-01,EXEC_FOLHA,EXEC_FOLHA,concluida,,,,,,,100.0,0,,2026-03-03 12:49:59
584,71,2026-01,ENV_CONTRACHEQUES,ENV_CONTRACHEQUES,concluida,,,,,,,100.0,0,,2026-03-03 12:49:59
610,71,2026-01,GUIA_INSS,GUIA_INSS,concluida,,,,,,,100.0,0,,2026-03-03 12:49:59
661,71,2026-01,APUR_SIMPLES,APUR_SIMPLES,concluida,,,,,,,100.0,0,,2026-03-03 12:49:59
5787,71,2026-01,GUIA_PREF,GUIA_PREF,concluida,,,,,,,100.0,0,,2026-03-03 12:49:59
5788,71,2026-01,REL_DEBITOS,REL_DEBITOS,concluida,,,,,,,100.0,0,,2026-03-05 11:40:10
5789,71,2026-01,CONS_ICMS_ST,CONS_ICMS_ST,concluida,,,,,,,100.0,0,,2026-02-28 20:35:50
5790,71,2026-01,ENV_PARC_SIMPLES,ENV_PARC_SIMPLES,concluida,,,,,,,100.0,0,,2026-02-28 20:35:47
5980,71,2026-01,DCTF_WEB,DCTF_WEB,concluida,,,,,,,100.0,0,,2026-05-31 14:11:31
36818,71,2026-01,DEFIS,DEFIS,concluida,,,,,,,100.0,0,,2026-03-31 11:22:48
560,62,2025-12,GUIA_MEI,GUIA_MEI,concluida,,,,,,,100.0,0,,2026-01-12 15:09:49
498,69,2025-12,EXEC_FOLHA,EXEC_FOLHA,concluida,,,,,,,100.0,0,,2026-01-05 22:36:27
506,69,2025-12,ENV_CONTRACHEQUES,ENV_CONTRACHEQUES,concluida,,,,,,,100.0,0,,2026-01-05 23:45:08
514,69,2025-12,GUIA_INSS,GUIA_INSS,concluida,,,,,,,100.0,0,,2026-01-06 10:51:59
534,69,2025-12,APUR_SIMPLES,APUR_SIMPLES,concluida,,,,,,,100.0,0,,2026-01-09 13:51:43
499,78,2025-12,EXEC_FOLHA,EXEC_FOLHA,concluida,,,,,,,100.0,0,,2026-01-05 22:36:28
507,78,2025-12,ENV_CONTRACHEQUES,ENV_CONTRACHEQUES,concluida,,,,,,,100.0,0,,2026-01-05 23:45:08
515,78,2025-12,GUIA_INSS,GUIA_INSS,concluida,,,,,,,100.0,0,,2026-01-06 10:53:48
522,78,2025-12,GUIA_FGTS,GUIA_FGTS,concluida,,,,,,,100.0,0,,2026-01-06 12:11:48
525,78,2025-12,APUR_SIMPLES,APUR_SIMPLES,concluida,,,,,,,100.0,0,,2026-01-08 16:24:35
500,73,2025-12,EXEC_FOLHA,EXEC_FOLHA,concluida,,,,,,,100.0,0,,2026-01-05 22:36:29
508,73,2025-12,ENV_CONTRACHEQUES,ENV_CONTRACHEQUES,concluida,,,,,,,100.0,0,,2026-01-05 23:45:09
516,73,2025-12,GUIA_INSS,GUIA_INSS,concluida,,,,,,,100.0,0,,2026-01-06 10:54:52
527,73,2025-12,APUR_SIMPLES,APUR_SIMPLES,concluida,,,,,,,100.0,0,,2026-01-08 17:32:38
551,65,2025-12,GUIA_MEI,GUIA_MEI,concluida,,,,,,,100.0,0,,2026-01-12 13:32:20
552,63,2025-12,GUIA_MEI,GUIA_MEI,concluida,,,,,,,100.0,0,,2026-01-12 13:37:43
563,49,2025-12,GUIA_MEI,GUIA_MEI,concluida,,,,,,,100.0,0,,2026-01-12 15:20:07
555,48,2025-12,GUIA_MEI,GUIA_MEI,concluida,,,,,,,100.0,0,,2026-01-12 15:01:16
501,80,2025-12,EXEC_FOLHA,EXEC_FOLHA,concluida,,,,,,,100.0,0,,2026-01-05 22:36:30
511,80,2025-12,ENV_CONTRACHEQUES,ENV_CONTRACHEQUES,concluida,,,,,,,100.0,0,,2026-01-05 23:45:10
517,80,2025-12,GUIA_INSS,GUIA_INSS,concluida,,,,,,,100.0,0,,2026-01-06 10:55:26
523,80,2025-12,GUIA_FGTS,GUIA_FGTS,concluida,,,,,,,100.0,0,,2026-01-06 12:17:13
567,70,2025-12,APUR_SIMPLES,APUR_SIMPLES,concluida,,,,,,,100.0,0,,2026-01-20 14:53:59
543,64,2025-12,PEDIR_INFOS,PEDIR_INFOS,concluida,,,,,,,100.0,0,,2026-01-12 12:42:48
564,64,2025-12,GUIA_MEI,GUIA_MEI,concluida,,,,,,,100.0,0,,2026-01-12 15:25:21
544,85,2025-12,PEDIR_INFOS,PEDIR_INFOS,concluida,,,,,,,100.0,0,,2026-01-12 12:43:26
533,82,2025-12,APUR_SIMPLES,APUR_SIMPLES,concluida,,,,,,,100.0,0,,2026-01-09 13:51:28
548,68,2025-12,GUIA_MEI,GUIA_MEI,concluida,,,,,,,100.0,0,,2026-01-12 13:22:23
531,81,2025-12,APUR_SIMPLES,APUR_SIMPLES,concluida,,,,,,,100.0,0,,2026-01-09 13:23:26
539,81,2025-12,PEDIR_INFOS,PEDIR_INFOS,concluida,,,,,,,100.0,0,,2026-01-12 12:42:41
558,56,2025-12,GUIA_MEI,GUIA_MEI,concluida,,,,,,,100.0,0,,2026-01-12 15:06:35
526,74,2025-12,APUR_SIMPLES,APUR_SIMPLES,concluida,,,,,,,100.0,0,,2026-01-08 17:13:10
550,53,2025-12,GUIA_MEI,GUIA_MEI,concluida,,,,,,,100.0,0,,2026-01-12 13:31:25
502,84,2025-12,EXEC_FOLHA,EXEC_FOLHA,concluida,,,,,,,100.0,0,,2026-01-05 22:36:31
510,84,2025-12,ENV_CONTRACHEQUES,ENV_CONTRACHEQUES,concluida,,,,,,,100.0,0,,2026-01-05 23:45:10
518,84,2025-12,GUIA_INSS,GUIA_INSS,concluida,,,,,,,100.0,0,,2026-01-06 10:55:57
524,84,2025-12,GUIA_FGTS,GUIA_FGTS,concluida,,,,,,,100.0,0,,2026-01-06 12:19:20
528,84,2025-12,APUR_SIMPLES,APUR_SIMPLES,concluida,,,,,,,100.0,0,,2026-01-09 05:51:10
557,46,2025-12,GUIA_MEI,GUIA_MEI,concluida,,,,,,,100.0,0,,2026-01-12 15:05:02
556,52,2025-12,GUIA_MEI,GUIA_MEI,concluida,,,,,,,100.0,0,,2026-01-12 15:02:23
562,67,2025-12,GUIA_MEI,GUIA_MEI,concluida,,,,,,,100.0,0,,2026-01-12 15:17:30
535,77,2025-12,APUR_SIMPLES,APUR_SIMPLES,concluida,,,,,,,100.0,0,,2026-01-09 14:06:18
559,54,2025-12,GUIA_MEI,GUIA_MEI,concluida,,,,,,,100.0,0,,2026-01-12 15:08:12
545,55,2025-12,GUIA_MEI,GUIA_MEI,concluida,,,,,,,100.0,0,,2026-01-12 13:19:10
561,61,2025-12,GUIA_MEI,GUIA_MEI,concluida,,,,,,,100.0,0,,2026-01-12 15:13:35
505,47,2025-12,EXEC_FOLHA,EXEC_FOLHA,concluida,,,,,,,100.0,0,,2026-01-05 22:40:11
509,47,2025-12,ENV_CONTRACHEQUES,ENV_CONTRACHEQUES,concluida,,,,,,,100.0,0,,2026-01-05 23:45:09
519,47,2025-12,GUIA_INSS,GUIA_INSS,concluida,,,,,,,100.0,0,,2026-01-06 10:56:23
547,47,2025-12,GUIA_MEI,GUIA_MEI,concluida,,,,,,,100.0,0,,2026-01-12 13:21:12
549,44,2025-12,GUIA_MEI,GUIA_MEI,concluida,,,,,,,100.0,0,,2026-01-12 13:29:11
532,75,2025-12,APUR_SIMPLES,APUR_SIMPLES,concluida,,,,,,,100.0,0,,2026-01-09 13:36:04
540,75,2025-12,PEDIR_INFOS,PEDIR_INFOS,concluida,,,,,,,100.0,0,,2026-01-12 12:42:42
554,50,2025-12,GUIA_MEI,GUIA_MEI,concluida,,,,,,,100.0,0,,2026-01-12 13:42:22
503,79,2025-12,EXEC_FOLHA,EXEC_FOLHA,concluida,,,,,,,100.0,0,,2026-01-05 22:36:33
512,79,2025-12,ENV_CONTRACHEQUES,ENV_CONTRACHEQUES,concluida,,,,,,,100.0,0,,2026-01-05 23:45:11
520,79,2025-12,GUIA_INSS,GUIA_INSS,concluida,,,,,,,100.0,0,,2026-01-06 10:56:46
529,79,2025-12,APUR_SIMPLES,APUR_SIMPLES,concluida,,,,,,,100.0,0,,2026-01-09 05:58:46
538,88,2025-12,APUR_SIMPLES,APUR_SIMPLES,concluida,,,,,,,100.0,0,,2026-01-09 14:31:22
565,57,2025-12,GUIA_MEI,GUIA_MEI,concluida,,,,,,,100.0,0,,2026-01-12 15:27:34
553,60,2025-12,GUIA_MEI,GUIA_MEI,concluida,,,,,,,100.0,0,,2026-01-12 13:40:58
537,72,2025-12,APUR_SIMPLES,APUR_SIMPLES,concluida,,,,,,,100.0,0,,2026-01-09 14:13:42
546,45,2025-12,GUIA_MEI,GUIA_MEI,concluida,,,,,,,100.0,0,,2026-01-12 13:20:21
566,51,2025-12,GUIA_MEI,GUIA_MEI,concluida,,,,,,,100.0,0,,2026-01-12 15:28:36
504,71,2025-12,EXEC_FOLHA,EXEC_FOLHA,concluida,,,,,,,100.0,0,,2026-01-05 22:36:33
513,71,2025-12,ENV_CONTRACHEQUES,ENV_CONTRACHEQUES,concluida,,,,,,,100.0,0,,2026-01-05 23:45:11
521,71,2025-12,GUIA_INSS,GUIA_INSS,concluida,,,,,,,100.0,0,,2026-01-06 10:59:48
530,71,2025-12,APUR_SIMPLES,APUR_SIMPLES,concluida,,,,,,,100.0,0,,2026-01-09 06:01:18
379,62,2025-11,GUIA_MEI,GUIA_MEI,concluida,,,,,,,100.0,0,,2025-12-16 13:51:45
414,62,2025-11,REL_MEI,REL_MEI,concluida,,,,,,,100.0,0,,2025-12-18 14:29:15
350,76,2025-11,APUR_SIMPLES,APUR_SIMPLES,concluida,,,,,,,100.0,0,,2025-12-15 08:34:20
370,76,2025-11,ENV_PARC_SIMPLES,ENV_PARC_SIMPLES,concluida,,,,,,,100.0,0,,2025-12-15 10:31:22
256,69,2025-11,GUIA_INSS,GUIA_INSS,concluida,,,,,,,100.0,0,,2025-12-03 05:35:37
319,69,2025-11,ENV_CONTRACHEQUES,ENV_CONTRACHEQUES,concluida,,,,,,,100.0,0,,2025-12-04 15:28:17
344,69,2025-11,APUR_SIMPLES,APUR_SIMPLES,concluida,,,,,,,100.0,0,,2025-12-09 10:45:44
356,69,2025-11,GUIA_FGTS_PARC,GUIA_FGTS_PARC,concluida,,,,,,,100.0,0,,2025-12-15 12:48:38
433,69,2025-11,EXEC_FOLHA,EXEC_FOLHA,concluida,,,,,,,100.0,0,,2025-12-19 15:12:57
478,69,2025-11,REL_DEBITOS,REL_DEBITOS,concluida,,,,,,,100.0,0,,2025-12-21 15:58:58
248,78,2025-11,ENV_CONTRACHEQUES,ENV_CONTRACHEQUES,concluida,,,,,,,100.0,0,,2025-12-03 05:23:14
264,78,2025-11,GUIA_FGTS,GUIA_FGTS,concluida,,,,,,,100.0,0,,2025-12-03 11:27:41
322,78,2025-11,GUIA_INSS,GUIA_INSS,concluida,,,,,,,100.0,0,,2025-12-04 15:30:22
349,78,2025-11,APUR_SIMPLES,APUR_SIMPLES,concluida,,,,,,,100.0,0,,2025-12-15 08:22:43
371,78,2025-11,ENV_PARC_SIMPLES,ENV_PARC_SIMPLES,concluida,,,,,,,100.0,0,,2025-12-15 10:32:11
434,78,2025-11,EXEC_FOLHA,EXEC_FOLHA,concluida,,,,,,,100.0,0,,2025-12-19 15:12:58
241,73,2025-11,ENV_CONTRACHEQUES,ENV_CONTRACHEQUES,concluida,,,,,,,100.0,0,,2025-12-02 12:44:03
255,73,2025-11,GUIA_INSS,GUIA_INSS,concluida,,,,,,,100.0,0,,2025-12-03 05:35:19
353,73,2025-11,APUR_SIMPLES,APUR_SIMPLES,concluida,,,,,,,100.0,0,,2025-12-15 08:58:49
435,73,2025-11,EXEC_FOLHA,EXEC_FOLHA,concluida,,,,,,,100.0,0,,2025-12-19 15:12:59
480,73,2025-11,REL_DEBITOS,REL_DEBITOS,concluida,,,,,,,100.0,0,,2025-12-21 16:04:47
392,65,2025-11,GUIA_MEI,GUIA_MEI,concluida,,,,,,,100.0,0,,2025-12-16 13:57:11
423,65,2025-11,REL_MEI,REL_MEI,concluida,,,,,,,100.0,0,,2025-12-18 14:29:16
380,63,2025-11,GUIA_MEI,GUIA_MEI,concluida,,,,,,,100.0,0,,2025-12-16 13:51:46
402,63,2025-11,REL_MEI,REL_MEI,concluida,,,,,,,100.0,0,,2025-12-18 14:29:14
381,49,2025-11,GUIA_MEI,GUIA_MEI,concluida,,,,,,,100.0,0,,2025-12-16 13:51:48
424,49,2025-11,REL_MEI,REL_MEI,concluida,,,,,,,100.0,0,,2025-12-18 14:29:17
382,48,2025-11,GUIA_MEI,GUIA_MEI,concluida,,,,,,,100.0,0,,2025-12-16 13:51:49
401,48,2025-11,REL_MEI,REL_MEI,concluida,,,,,,,100.0,0,,2025-12-18 14:29:14
242,80,2025-11,ENV_CONTRACHEQUES,ENV_CONTRACHEQUES,concluida,,,,,,,100.0,0,,2025-12-02 12:44:03
257,80,2025-11,GUIA_INSS,GUIA_INSS,concluida,,,,,,,100.0,0,,2025-12-03 05:36:01
267,80,2025-11,GUIA_FGTS,GUIA_FGTS,concluida,,,,,,,100.0,0,,2025-12-03 11:50:35
437,80,2025-11,EXEC_FOLHA,EXEC_FOLHA,concluida,,,,,,,100.0,0,,2025-12-19 15:13:37
347,70,2025-11,APUR_SIMPLES,APUR_SIMPLES,concluida,,,,,,,100.0,0,,2025-12-10 11:35:39
412,58,2025-11,REL_MEI,REL_MEI,concluida,,,,,,,100.0,0,,2025-12-18 14:29:15
426,58,2025-11,REL_DEBITOS,REL_DEBITOS,concluida,,,,,,,100.0,0,,2025-12-18 14:32:42
358,64,2025-11,PEDIR_INFOS,PEDIR_INFOS,concluida,,,,,,,100.0,0,,2025-12-15 09:56:36
383,64,2025-11,GUIA_MEI,GUIA_MEI,concluida,,,,,,,100.0,0,,2025-12-16 13:51:50
420,64,2025-11,REL_MEI,REL_MEI,concluida,,,,,,,100.0,0,,2025-12-18 14:29:16
427,85,2025-11,PEDIR_INFOS,PEDIR_INFOS,concluida,,,,,,,100.0,0,,2025-12-18 14:36:09
354,82,2025-11,APUR_SIMPLES,APUR_SIMPLES,concluida,,,,,,,100.0,0,,2025-12-15 09:09:46
364,68,2025-11,ENV_PARC_SIMPLES,ENV_PARC_SIMPLES,concluida,,,,,,,100.0,0,,2025-12-15 10:21:49
384,68,2025-11,GUIA_MEI,GUIA_MEI,concluida,,,,,,,100.0,0,,2025-12-16 13:51:51
421,68,2025-11,REL_MEI,REL_MEI,concluida,,,,,,,100.0,0,,2025-12-18 14:29:16
488,68,2025-11,REL_DEBITOS,REL_DEBITOS,concluida,,,,,,,100.0,0,,2025-12-21 16:16:17
351,81,2025-11,APUR_SIMPLES,APUR_SIMPLES,concluida,,,,,,,100.0,0,,2025-12-15 08:39:13
363,81,2025-11,PEDIR_INFOS,PEDIR_INFOS,concluida,,,,,,,100.0,0,,2025-12-15 10:00:40
482,81,2025-11,REL_DEBITOS,REL_DEBITOS,concluida,,,,"Compromissos 58047884000110 (E) / 60103160000198 (O)
> 26/01 - 30$ Parcelamento 2025 1/60

> 20/01 - Imposto ✅

4,81% de imposto

> 20/10 - 82$ MEI Orpheo⚠️
> 20/11 - 82$ MEI Orpheo⚠️
> 20/12 - 82$ MEI Orpheo⚠️
> 20/01 - 82$ MEI Orpheo⚠️

> 30/12 - 250$ Honorários✅

🔰 Reajuste Honorários jan/26 --> 👉🏽 300$ (até junho) e 350$ apartir de julho/26
🔰 Orpheo Faturamento: 7,0 + 3,2 + 8,3 + 4,5 + 9,1 (ago) + 3,5 (out) = = 35,6 mil ~ 47,4 mil (média geral)

A PARTIR DE AGORA, EMITIR NF DE TODAS AS VENDAS",,,100.0,0,,2026-03-02 14:05:03
385,56,2025-11,GUIA_MEI,GUIA_MEI,concluida,,,,,,,100.0,0,,2025-12-16 13:56:28
416,56,2025-11,REL_MEI,REL_MEI,concluida,,,,,,,100.0,0,,2025-12-18 14:29:15
343,74,2025-11,APUR_SIMPLES,APUR_SIMPLES,concluida,,,,,,,100.0,0,,2025-12-09 10:30:45
365,74,2025-11,ENV_PARC_SIMPLES,ENV_PARC_SIMPLES,concluida,,,,,,,100.0,0,,2025-12-15 10:21:50
386,53,2025-11,GUIA_MEI,GUIA_MEI,concluida,,,,,,,100.0,0,,2025-12-16 13:56:29
417,53,2025-11,REL_MEI,REL_MEI,concluida,,,,,,,100.0,0,,2025-12-18 14:29:16
477,83,2025-11,REL_DEBITOS,REL_DEBITOS,concluida,,,,,,,100.0,0,,2025-12-21 15:58:57
251,84,2025-11,ENV_CONTRACHEQUES,ENV_CONTRACHEQUES,concluida,,,,,,,100.0,0,,2025-12-03 05:27:16
261,84,2025-11,GUIA_INSS,GUIA_INSS,concluida,,,,,,,100.0,0,,2025-12-03 05:48:03
265,84,2025-11,GUIA_FGTS,GUIA_FGTS,concluida,,,,,,,100.0,0,,2025-12-03 11:28:10
377,84,2025-11,APUR_SIMPLES,APUR_SIMPLES,concluida,,,,,,,100.0,0,,2025-12-16 13:51:26
436,84,2025-11,EXEC_FOLHA,EXEC_FOLHA,concluida,,,,,,,100.0,0,,2025-12-19 15:13:15
366,46,2025-11,ENV_PARC_SIMPLES,ENV_PARC_SIMPLES,concluida,,,,,,,100.0,0,,2025-12-15 10:21:50
387,46,2025-11,GUIA_MEI,GUIA_MEI,concluida,,,,,,,100.0,0,,2025-12-16 13:56:42
415,46,2025-11,REL_MEI,REL_MEI,concluida,,,,,,,100.0,0,,2025-12-18 14:29:15
388,59,2025-11,GUIA_MEI,GUIA_MEI,concluida,,,,,,,100.0,0,,2025-12-16 13:56:42
411,59,2025-11,REL_MEI,REL_MEI,concluida,,,,,,,100.0,0,,2025-12-18 14:29:15
389,52,2025-11,GUIA_MEI,GUIA_MEI,concluida,,,,,,,100.0,0,,2025-12-16 13:56:44
410,52,2025-11,REL_MEI,REL_MEI,concluida,,,,,,,100.0,0,,2025-12-18 14:29:15
432,52,2025-11,REL_DEBITOS,REL_DEBITOS,concluida,,,,,,,100.0,0,,2025-12-18 15:20:07
367,67,2025-11,ENV_PARC_SIMPLES,ENV_PARC_SIMPLES,concluida,,,,,,,100.0,0,,2025-12-15 10:21:51
390,67,2025-11,GUIA_MEI,GUIA_MEI,concluida,,,,,,,100.0,0,,2025-12-16 13:56:52
403,67,2025-11,REL_MEI,REL_MEI,concluida,,,,,,,100.0,0,,2025-12-18 14:29:14
355,77,2025-11,APUR_SIMPLES,APUR_SIMPLES,concluida,,,,,,,100.0,0,,2025-12-15 09:22:55
391,54,2025-11,GUIA_MEI,GUIA_MEI,concluida,,,,,,,100.0,0,,2025-12-16 13:57:05
418,54,2025-11,REL_MEI,REL_MEI,concluida,,,,,,,100.0,0,,2025-12-18 14:29:16
481,54,2025-11,REL_DEBITOS,REL_DEBITOS,concluida,,,,,,,100.0,0,,2025-12-21 16:04:48
397,55,2025-11,GUIA_MEI,GUIA_MEI,concluida,,,,,,,100.0,0,,2025-12-16 13:57:20
409,55,2025-11,REL_MEI,REL_MEI,concluida,,,,,,,100.0,0,,2025-12-18 14:29:15
483,55,2025-11,REL_DEBITOS,REL_DEBITOS,concluida,,,,,,,100.0,0,,2025-12-21 16:04:52
393,61,2025-11,GUIA_MEI,GUIA_MEI,concluida,,,,,,,100.0,0,,2025-12-16 13:57:13
422,61,2025-11,REL_MEI,REL_MEI,concluida,,,,,,,100.0,0,,2025-12-18 14:29:16
260,47,2025-11,GUIA_INSS,GUIA_INSS,concluida,,,,,,,100.0,0,,2025-12-03 05:48:02
317,47,2025-11,ENV_CONTRACHEQUES,ENV_CONTRACHEQUES,concluida,,,,,,,100.0,0,,2025-12-04 15:28:14
394,47,2025-11,GUIA_MEI,GUIA_MEI,concluida,,,,,,,100.0,0,,2025-12-16 13:57:14
407,47,2025-11,REL_MEI,REL_MEI,concluida,,,,,,,100.0,0,,2025-12-18 14:29:14
438,47,2025-11,EXEC_FOLHA,EXEC_FOLHA,concluida,,,,,,,100.0,0,,2025-12-19 15:30:33
486,47,2025-11,REL_DEBITOS,REL_DEBITOS,concluida,,,,,,,100.0,0,,2025-12-21 16:16:14
395,44,2025-11,GUIA_MEI,GUIA_MEI,concluida,,,,,,,100.0,0,,2025-12-16 13:57:15
406,44,2025-11,REL_MEI,REL_MEI,concluida,,,,,,,100.0,0,,2025-12-18 14:29:14
345,75,2025-11,APUR_SIMPLES,APUR_SIMPLES,concluida,,,,,,,100.0,0,,2025-12-09 10:53:42
360,75,2025-11,PEDIR_INFOS,PEDIR_INFOS,concluida,,,,,,,100.0,0,,2025-12-15 09:59:39
396,50,2025-11,GUIA_MEI,GUIA_MEI,concluida,,,,,,,100.0,0,,2025-12-16 13:57:17
413,50,2025-11,REL_MEI,REL_MEI,concluida,,,,,,,100.0,0,,2025-12-18 14:29:15
476,50,2025-11,REL_DEBITOS,REL_DEBITOS,concluida,,,,,,,100.0,0,,2025-12-21 15:58:56
318,79,2025-11,ENV_CONTRACHEQUES,ENV_CONTRACHEQUES,concluida,,,,,,,100.0,0,,2025-12-04 15:28:16
321,79,2025-11,GUIA_INSS,GUIA_INSS,concluida,,,,,,,100.0,0,,2025-12-04 15:30:22
342,79,2025-11,APUR_SIMPLES,APUR_SIMPLES,concluida,,,,,,,100.0,0,,2025-12-09 10:08:12
439,79,2025-11,EXEC_FOLHA,EXEC_FOLHA,concluida,,,,,,,100.0,0,,2025-12-19 15:32:57
474,79,2025-11,REL_DEBITOS,REL_DEBITOS,concluida,,,,,,,100.0,0,,2026-03-02 13:11:50
398,57,2025-11,GUIA_MEI,GUIA_MEI,concluida,,,,,,,100.0,0,,2025-12-16 13:57:20
419,57,2025-11,REL_MEI,REL_MEI,concluida,,,,,,,100.0,0,,2025-12-18 14:29:16
485,57,2025-11,REL_DEBITOS,REL_DEBITOS,concluida,,,,,,,100.0,0,,2025-12-21 16:11:09
399,60,2025-11,GUIA_MEI,GUIA_MEI,concluida,,,,,,,100.0,0,,2025-12-16 13:57:21
404,60,2025-11,REL_MEI,REL_MEI,concluida,,,,,,,100.0,0,,2025-12-18 14:29:14
352,72,2025-11,APUR_SIMPLES,APUR_SIMPLES,concluida,,,,,,,100.0,0,,2025-12-15 08:53:58
487,72,2025-11,REL_DEBITOS,REL_DEBITOS,concluida,,,,,,,100.0,0,,2025-12-21 16:16:16
400,45,2025-11,GUIA_MEI,GUIA_MEI,concluida,,,,,,,100.0,0,,2025-12-16 13:57:22
408,45,2025-11,REL_MEI,REL_MEI,concluida,,,,,,,100.0,0,,2025-12-18 14:29:15
376,51,2025-11,GUIA_MEI,GUIA_MEI,concluida,,,,,,,100.0,0,,2025-12-15 13:18:01
405,51,2025-11,REL_MEI,REL_MEI,concluida,,,,,,,100.0,0,,2025-12-18 14:29:14
237,71,2025-11,ENV_CONTRACHEQUES,ENV_CONTRACHEQUES,concluida,,,,,,,100.0,0,,2025-12-02 12:44:03
258,71,2025-11,GUIA_INSS,GUIA_INSS,concluida,,,,,,,100.0,0,,2025-12-03 05:36:03
378,71,2025-11,APUR_SIMPLES,APUR_SIMPLES,concluida,,,,,,,100.0,0,,2025-12-16 13:51:34
440,71,2025-11,EXEC_FOLHA,EXEC_FOLHA,concluida,,,,,,,100.0,0,,2025-12-19 15:38:27
